Air,,ZnS2-PdSe2-x,TiO2e,Pt,0,,17.0,94,100000
Air,,ZnS2-PdSe2-x,TiO2e,Pt,0,,10.1,169,100000
Air,,ZnS2-PdSe2-x,TiO2e,Pt,0,,3.1,279,100000
Air,,ZnS2-PdSe2-x,TiO2e,Pt,0,,4.0,279,100000
Air,,ZnS2-PdSe2-x,GaNe,Pt,0,,2.8,455,100000
Air,,ZnS2-PdSe2-x,TiO2e,Au,0,,19.2,47,100000
Air,,ZnS2-PdSe2-x,TiO2e,Au,0,,17.9,47,100000
Air,,ZnS2-PdSe2-x,,Au,0,,3.8,,100000
Air,,ZnS2-PdSe2-x,SiO2e,Au,0,,5.2,223,100000
Air,,ZnS2-PdSe2-x,SiO2e,Au,0,,19.2,223,100000
Air,,ZnS2-PdSe2-x,TiO2e,Graphite,0,,13.3,471,100000
Air,,ZnS2-PdSe2-x,TiO2e,Graphite,0,,10.3,471,100000
Air,,ZnS2-PdSe2-x,,Graphite,0,,11.0,,100000
Air,,ZnS2-PdSe2-x,,Graphite,0,,2.9,,100000
Air,,ZnS2-PdSe2-x,,Graphite,0,,0.4,,100000
Air,,ZnS2-PdSe2-x,MgO,W,0,,15.6,48,100000
Air,,ZnS2-PdSe2-x,,W,0,,6.3,,100000
Air,,ZnS2-PdSe2-x,HfO2,W,0,,10.8,339,100000
Air,,ZnS2-PdSe2-x,,W,0,,2.4,,100000
Air,,ZnS2-PdSe2-x,,W,0,,8.2,,100000
Air,,ZnS2-PdSe2-x,MgO,Pt,0,,2.4,151,100000
Air,,ZnS2-PdSe2-x,,Pt,0,,15.7,,100000
Air,,ZnS2-PdSe2-x,,Pt,0,,7.3,,100000
Air,,ZnS2-PdSe2-x,BaF2,Pt,0,,2.1,129,100000
Air,,ZnS2-PdSe2-x,,Pt,0,,1.5,,100000
Air,,ZnS2-PdSe2-x,MgO,Si,0,,4.5,369,100000
Air,,ZnS2-PdSe2-x,GaNe,Si,0,,7.8,407,100000
Air,,ZnS2-PdSe2-x,GaNe,Si,0,,6.6,407,100000
Air,,ZnS2-PdSe2-x,GaNe,Si,0,,13.7,16,100000
Air,,ZnS2-PdSe2-x,GaNe,Si,0,,5.2,82,100000
Air,,ZnS2-PdSe2-x,,Pt,0,,12.3,,100000
Air,,ZnS2-PdSe2-x,,Pt,0,,16.6,,100000
Air,,ZnS2-PdSe2-x,,Pt,0,,0.3,,100000
Air,,ZnS2-PdSe2-x,,Pt,0,,18.5,,100000
Air,,ZnS2-PdSe2-x,,Pt,0,,0.9,,100000
Air,,ZnS2-PdSe2-x,SiO2e,Ag,0,,1.3,452,100000
Air,,ZnS2-PdSe2-x,SiO2e,Ag,0,,3.6,81,100000
Air,,ZnS2-PdSe2-x,SiO2e,Ag,0,,15.9,34,100000
Air,,ZnS2-PdSe2-x,SiO2e,Ag,0,,7.2,34,100000
Air,,ZnS2-PdSe2-x,SiO2e,Ag,0,,15.9,491,100000
Air,,ZnS2-PdSe2-x,Al2O3e,Si,0,,2.8,491,100000
Air,,ZnS2-PdSe2-x,HfO2,Si,0,,2.9,50,100000
Air,,ZnS2-PdSe2-x,GaNe,Si,0,,13.5,300,100000
Air,,ZnS2-PdSe2-x,,Si,0,,9.7,,100000
Air,,ZnS2-PdSe2-x,,Si,0,,11.9,,100000
Air,,ZnS2-PdSe2-x,Al2O3e,Al,0,,5.2,448,100000
Air,,ZnS2-PdSe2-x,Al2O3e,Al,0,,8.2,341,100000
Air,,ZnS2-PdSe2-x,BaF2,Al,0,,3.3,194,100000
Air,,ZnS2-PdSe2-x,BaF2,Al,0,,3.8,337,100000
Air,,ZnS2-PdSe2-x,HfO2,Al,0,,17.0,227,100000
Air,,ZnS2-PdSe2-x,SiO2e,Ag,0,,3.2,474,100000
Air,,ZnS2-PdSe2-x,MgO,Ag,0,,6.5,223,100000
Air,,ZnS2-PdSe2-x,MgO,Ag,0,,11.5,312,100000
Air,,ZnS2-PdSe2-x,MgO,Ag,0,,1.1,312,100000
Air,,ZnS2-PdSe2-x,HfO2,Ag,0,,13.2,268,100000
Air,,ZnS2-PdSe2-x,HfO2,Ag,0,,10.3,184,100000
Air,,ZnS2-PdSe2-x,Al2O3e,Ag,0,,16.4,367,100000
Air,,ZnS2-PdSe2-x,Al2O3e,Ag,0,,17.1,138,100000
Air,,ZnS2-PdSe2-x,BaF2,Ag,0,,0.3,201,100000
Air,,ZnS2-PdSe2-x,TiO2e,Ag,0,,7.8,192,100000
Air,,ZnS2-PdSe2-x,BaF2,W,0,,13.1,141,100000
Air,,ZnS2-PdSe2-x,,W,0,,5.8,,100000
Air,,ZnS2-PdSe2-x,MgO,W,0,,3.0,382,100000
Air,,ZnS2-PdSe2-x,HfO2,W,0,,12.6,74,100000
Air,,ZnS2-PdSe2-x,HfO2,W,0,,4.2,58,100000
Air,,ZnS2-PdSe2-x,MgO,Si,0,,6.1,108,100000
Air,,ZnS2-PdSe2-x,MgO,Si,0,,8.0,108,100000
Air,,ZnS2-PdSe2-x,GaNe,Si,0,,14.4,338,100000
Air,,ZnS2-PdSe2-x,TiO2e,Si,0,,0.1,104,100000
Air,,ZnS2-PdSe2-x,TiO2e,Si,0,,3.2,418,100000
Air,,ZnS2-PdSe2-x,MgO,Al,0,,6.8,181,100000
Air,,ZnS2-PdSe2-x,MgO,Al,0,,15.0,397,100000
Air,,ZnS2-PdSe2-x,MgO,Al,0,,2.1,147,100000
Air,,ZnS2-PdSe2-x,MgO,Al,0,,3.0,147,100000
Air,,ZnS2-PdSe2-x,BaF2,Al,0,,2.3,406,100000
Air,,ZnS2-PdSe2-x,TiO2e,Graphite,0,,9.1,93,100000
Air,,ZnS2-PdSe2-x,,Graphite,0,,12.5,,100000
Air,,ZnS2-PdSe2-x,HfO2,Graphite,0,,1.2,377,100000
Air,,ZnS2-PdSe2-x,HfO2,Graphite,0,,5.2,308,100000
Air,,ZnS2-PdSe2-x,,Graphite,0,,19.2,,100000
Air,,ZnS2-PdSe2-x,HfO2,Al,0,,0.7,106,100000
Air,,ZnS2-PdSe2-x,HfO2,Al,0,,16.4,148,100000
Air,,ZnS2-PdSe2-x,HfO2,Al,0,,4.5,370,100000
Air,,ZnS2-PdSe2-x,BaF2,Al,0,,11.9,290,100000
Air,,ZnS2-PdSe2-x,BaF2,Al,0,,14.6,290,100000
Air,,ZnS2-PdSe2-x,,Pt,0,,16.4,,100000
Air,,ZnS2-PdSe2-x,,Pt,0,,13.9,,100000
Air,,ZnS2-PdSe2-x,HfO2,Pt,0,,10.6,161,100000
Air,,ZnS2-PdSe2-x,,Pt,0,,19.9,,100000
Air,,ZnS2-PdSe2-x,,Pt,0,,19.7,,100000
Air,,ZnS2-PdSe2-x,SiO2e,Graphite,0,,7.3,225,100000
Air,,ZnS2-PdSe2-x,,Graphite,0,,13.3,,100000
Air,,ZnS2-PdSe2-x,,Graphite,0,,17.4,,100000
Air,,ZnS2-PdSe2-x,,Graphite,0,,4.4,,100000
Air,,ZnS2-PdSe2-x,SiO2e,Graphite,0,,6.7,407,100000
Air,,ZnS2-PdSe2-x,HfO2,Pt,0,,14.9,12,100000
Air,,ZnS2-PdSe2-x,Al2O3e,Pt,0,,4.1,148,100000
Air,,ZnS2-PdSe2-x,Al2O3e,Pt,0,,7.2,48,100000
Air,,ZnS2-PdSe2-x,Al2O3e,Pt,0,,8.6,492,100000
Air,,ZnS2-PdSe2-x,Al2O3e,Pt,0,,18.7,289,100000
Air,,ZnS2-PdSe2-x,SiO2e,Graphite,0,,5.6,76,100000
Air,,ZnS2-PdSe2-x,BaF2,Graphite,0,,12.7,266,100000
Air,,ZnS2-PdSe2-x,BaF2,Graphite,0,,11.4,266,100000
Air,,ZnS2-PdSe2-x,BaF2,Graphite,0,,12.0,321,100000
Air,,ZnS2-PdSe2-x,SiO2e,Graphite,0,,15.9,239,100000
Air,,ZnS2-PdSe2-x,,W,0,,18.6,,100000
Air,,ZnS2-PdSe2-x,,W,0,,17.8,,100000
Air,,ZnS2-PdSe2-x,,W,0,,0.2,,100000
Air,,ZnS2-PdSe2-x,GaNe,W,0,,5.5,381,100000
Air,,ZnS2-PdSe2-x,HfO2,W,0,,11.8,454,100000
Air,,ZnS2-PdSe2-x,MgO,Au,0,,0.2,294,100000
Air,,ZnS2-PdSe2-x,MgO,Au,0,,16.4,379,100000
Air,,ZnS2-PdSe2-x,GaNe,Au,0,,0.3,382,100000
Air,,ZnS2-PdSe2-x,GaNe,Au,0,,3.3,310,100000
Air,,ZnS2-PdSe2-x,GaNe,Au,0,,2.2,310,100000
Air,,ZnS2-PdSe2-x,,Au,0,,12.7,,100000
Air,,ZnS2-PdSe2-x,BaF2,Au,0,,3.7,464,100000
Air,,ZnS2-PdSe2-x,BaF2,Au,0,,6.4,225,100000
Air,,ZnS2-PdSe2-x,,Au,0,,0.7,,100000
Air,,ZnS2-PdSe2-x,,Au,0,,6.5,,100000
Air,,ZnS2-PdSe2-x,SiO2e,Ag,0,,10.1,12,100000
Air,,ZnS2-PdSe2-x,SiO2e,Ag,0,,5.0,12,100000
Air,,ZnS2-PdSe2-x,TiO2e,Ag,0,,13.0,234,100000
Air,,ZnS2-PdSe2-x,Al2O3e,Ag,0,,9.7,131,100000
Air,,ZnS2-PdSe2-x,HfO2,Ag,0,,12.7,277,100000
Air,,ZnS2-PdSe2-x,HfO2,W,0,,10.8,248,100000
Air,,ZnS2-PdSe2-x,TiO2e,W,0,,10.9,211,100000
Air,,ZnS2-PdSe2-x,TiO2e,W,0,,1.1,48,100000
Air,,ZnS2-PdSe2-x,TiO2e,W,0,,17.8,328,100000
Air,,ZnS2-PdSe2-x,MgO,W,0,,13.7,266,100000
Air,,ZnS2-PdSe2-x,MgO,Si,0,,13.7,229,100000
Air,,ZnS2-PdSe2-x,MgO,Si,0,,18.5,229,100000
Air,,ZnS2-PdSe2-x,MgO,Si,0,,1.9,155,100000
Air,,ZnS2-PdSe2-x,MgO,Si,0,,4.2,59,100000
Air,,ZnS2-PdSe2-x,HfO2,Si,0,,4.3,314,100000
Air,,ZnS2-PdSe2-x,SiO2e,Au,0,,4.3,359,100000
Air,,ZnS2-PdSe2-x,SiO2e,Au,0,,13.0,359,100000
Air,,ZnS2-PdSe2-x,SiO2e,Au,0,,1.2,359,100000
Air,,ZnS2-PdSe2-x,SiO2e,Au,0,,12.3,359,100000
Air,,ZnS2-PdSe2-x,SiO2e,Au,0,,1.9,367,100000
Air,,ZnS2-PdSe2-x,,Au,0,,16.2,,100000
Air,,ZnS2-PdSe2-x,,Au,0,,12.1,,100000
Air,,ZnS2-PdSe2-x,,Au,0,,5.8,,100000
Air,,Ga2Cl2-CuI-x,,Au,0,,8.6,,100000
Air,,Ga2Cl2-CuI-x,Al2O3e,Au,0,,2.0,116,100000
Air,,Ga2Cl2-CuI-x,GaNe,Au,0,,14.7,293,100000
Air,,Ga2Cl2-CuI-x,GaNe,Au,0,,3.0,293,100000
Air,,Ga2Cl2-CuI-x,GaNe,Au,0,,11.7,293,100000
Air,,Ga2Cl2-CuI-x,MgO,Au,0,,1.8,294,100000
Air,,Ga2Cl2-CuI-x,MgO,Au,0,,7.2,267,100000
Air,,Ga2Cl2-CuI-x,TiO2e,Al,0,,3.9,290,100000
Air,,Ga2Cl2-CuI-x,TiO2e,Al,0,,9.4,381,100000
Air,,Ga2Cl2-CuI-x,TiO2e,Al,0,,1.3,315,100000
Air,,Ga2Cl2-CuI-x,,Al,0,,8.3,,100000
Air,,Ga2Cl2-CuI-x,,Al,0,,16.8,,100000
Air,,Ga2Cl2-CuI-x,,Au,0,,9.1,,100000
Air,,Ga2Cl2-CuI-x,,Au,0,,18.8,,100000
Air,,Ga2Cl2-CuI-x,BaF2,Au,0,,1.7,118,100000
Air,,Ga2Cl2-CuI-x,BaF2,Au,0,,19.2,62,100000
Air,,Ga2Cl2-CuI-x,BaF2,Au,0,,16.6,98,100000
Air,,Ga2Cl2-CuI-x,GaNe,Ge,0,,15.1,409,100000
Air,,Ga2Cl2-CuI-x,TiO2e,Ge,0,,11.2,129,100000
Air,,Ga2Cl2-CuI-x,HfO2,Ge,0,,3.2,430,100000
Air,,Ga2Cl2-CuI-x,TiO2e,Ge,0,,19.4,418,100000
Air,,Ga2Cl2-CuI-x,TiO2e,Ge,0,,1.4,418,100000
Air,,Ga2Cl2-CuI-x,SiO2e,Ge,0,,7.8,334,100000
Air,,Ga2Cl2-CuI-x,SiO2e,Ge,0,,3.9,411,100000
Air,,Ga2Cl2-CuI-x,SiO2e,Ge,0,,15.0,411,100000
Air,,Ga2Cl2-CuI-x,Al2O3e,Ge,0,,10.9,411,100000
Air,,Ga2Cl2-CuI-x,Al2O3e,Ge,0,,5.7,411,100000
Air,,Ga2Cl2-CuI-x,,Graphite,0,,0.6,,100000
Air,,Ga2Cl2-CuI-x,,Graphite,0,,11.3,,100000
Air,,Ga2Cl2-CuI-x,HfO2,Graphite,0,,6.3,438,100000
Air,,Ga2Cl2-CuI-x,MgO,Graphite,0,,19.5,21,100000
Air,,Ga2Cl2-CuI-x,MgO,Graphite,0,,6.4,21,100000
Air,,Ga2Cl2-CuI-x,,Ge,0,,14.8,,100000
Air,,Ga2Cl2-CuI-x,BaF2,Ge,0,,12.0,87,100000
Air,,Ga2Cl2-CuI-x,SiO2e,Ge,0,,4.5,324,100000
Air,,Ga2Cl2-CuI-x,SiO2e,Ge,0,,13.3,499,100000
Air,,Ga2Cl2-CuI-x,SiO2e,Ge,0,,7.1,499,100000
Air,,Ga2Cl2-CuI-x,MgO,Pd,0,,2.8,109,100000
Air,,Ga2Cl2-CuI-x,MgO,Pd,0,,13.0,109,100000
Air,,Ga2Cl2-CuI-x,GaNe,Pd,0,,7.5,252,100000
Air,,Ga2Cl2-CuI-x,GaNe,Pd,0,,10.9,460,100000
Air,,Ga2Cl2-CuI-x,HfO2,Pd,0,,7.4,361,100000
Air,,Ga2Cl2-CuI-x,,W,0,,12.7,,100000
Air,,Ga2Cl2-CuI-x,,W,0,,6.3,,100000
Air,,Ga2Cl2-CuI-x,,W,0,,5.4,,100000
Air,,Ga2Cl2-CuI-x,,W,0,,16.5,,100000
Air,,Ga2Cl2-CuI-x,,W,0,,3.9,,100000
Air,,Ga2Cl2-CuI-x,HfO2,Al,0,,16.7,416,100000
Air,,Ga2Cl2-CuI-x,Al2O3e,Al,0,,3.7,430,100000
Air,,Ga2Cl2-CuI-x,Al2O3e,Al,0,,0.1,430,100000
Air,,Ga2Cl2-CuI-x,Al2O3e,Al,0,,16.8,186,100000
Air,,Ga2Cl2-CuI-x,TiO2e,Al,0,,12.1,197,100000
Air,,Ga2Cl2-CuI-x,,Ag,0,,14.1,,100000
Air,,Ga2Cl2-CuI-x,,Ag,0,,1.6,,100000
Air,,Ga2Cl2-CuI-x,,Ag,0,,19.4,,100000
Air,,Ga2Cl2-CuI-x,,Ag,0,,18.7,,100000
Air,,Ga2Cl2-CuI-x,,Ag,0,,14.1,,100000
Air,,Ga2Cl2-CuI-x,GaNe,Graphite,0,,14.5,332,100000
Air,,Ga2Cl2-CuI-x,,Graphite,0,,12.9,,100000
Air,,Ga2Cl2-CuI-x,,Graphite,0,,15.2,,100000
Air,,Ga2Cl2-CuI-x,,Graphite,0,,12.1,,100000
Air,,Ga2Cl2-CuI-x,,Graphite,0,,3.5,,100000
Air,,Ga2Cl2-CuI-x,,Pd,0,,15.2,,100000
Air,,Ga2Cl2-CuI-x,,Pd,0,,1.9,,100000
Air,,Ga2Cl2-CuI-x,,Pd,0,,0.6,,100000
Air,,Ga2Cl2-CuI-x,GaNe,Pd,0,,1.8,365,100000
Air,,Ga2Cl2-CuI-x,HfO2,Pd,0,,5.1,53,100000
Air,,Ga2Cl2-CuI-x,Al2O3e,Graphite,0,,17.2,122,100000
Air,,Ga2Cl2-CuI-x,Al2O3e,Graphite,0,,15.7,407,100000
Air,,Ga2Cl2-CuI-x,GaNe,Graphite,0,,7.3,57,100000
Air,,Ga2Cl2-CuI-x,Al2O3e,Graphite,0,,18.4,241,100000
Air,,Ga2Cl2-CuI-x,Al2O3e,Graphite,0,,8.6,74,100000
Air,,Ga2Cl2-CuI-x,MgO,Ag,0,,5.3,203,100000
Air,,Ga2Cl2-CuI-x,MgO,Ag,0,,5.1,475,100000
Air,,Ga2Cl2-CuI-x,MgO,Ag,0,,18.4,257,100000
Air,,Ga2Cl2-CuI-x,MgO,Ag,0,,18.0,350,100000
Air,,Ga2Cl2-CuI-x,MgO,Ag,0,,12.4,245,100000
Air,,Ga2Cl2-CuI-x,BaF2,Au,0,,11.3,53,100000
Air,,Ga2Cl2-CuI-x,BaF2,Au,0,,16.7,358,100000
Air,,Ga2Cl2-CuI-x,BaF2,Au,0,,5.2,57,100000
Air,,Ga2Cl2-CuI-x,,Au,0,,7.7,,100000
Air,,Ga2Cl2-CuI-x,,Au,0,,18.4,,100000
Air,,Ga2Cl2-CuI-x,SiO2e,Graphite,0,,9.3,197,100000
Air,,Ga2Cl2-CuI-x,SiO2e,Graphite,0,,14.2,197,100000
Air,,Ga2Cl2-CuI-x,BaF2,Graphite,0,,4.3,412,100000
Air,,Ga2Cl2-CuI-x,HfO2,Graphite,0,,5.0,255,100000
Air,,Ga2Cl2-CuI-x,,Graphite,0,,16.4,,100000
Air,,Ga2Cl2-CuI-x,HfO2,Pt,0,,19.6,114,100000
Air,,Ga2Cl2-CuI-x,,Pt,0,,6.8,,100000
Air,,Ga2Cl2-CuI-x,SiO2e,Pt,0,,8.6,62,100000
Air,,Ga2Cl2-CuI-x,GaNe,Pt,0,,14.2,188,100000
Air,,Ga2Cl2-CuI-x,GaNe,Pt,0,,17.5,292,100000
Air,,Ga2Cl2-CuI-x,HfO2,Graphite,0,,11.7,72,100000
Air,,Ga2Cl2-CuI-x,TiO2e,Graphite,0,,1.3,128,100000
Air,,Ga2Cl2-CuI-x,TiO2e,Graphite,0,,4.5,128,100000
Air,,Ga2Cl2-CuI-x,TiO2e,Graphite,0,,5.7,478,100000
Air,,Ga2Cl2-CuI-x,HfO2,Graphite,0,,2.6,428,100000
Air,,Ga2Cl2-CuI-x,HfO2,Si,0,,2.9,245,100000
Air,,Ga2Cl2-CuI-x,SiO2e,Si,0,,10.8,114,100000
Air,,Ga2Cl2-CuI-x,HfO2,Si,0,,8.8,477,100000
Air,,Ga2Cl2-CuI-x,HfO2,Si,0,,1.1,129,100000
Air,,Ga2Cl2-CuI-x,HfO2,Si,0,,6.8,119,100000
Air,,Ga2Cl2-CuI-x,HfO2,W,0,,12.9,367,100000
Air,,Ga2Cl2-CuI-x,HfO2,W,0,,11.9,24,100000
Air,,Ga2Cl2-CuI-x,HfO2,W,0,,14.3,24,100000
Air,,Ga2Cl2-CuI-x,,W,0,,19.1,,100000
Air,,Ga2Cl2-CuI-x,Al2O3e,W,0,,6.5,255,100000
Air,,Ga2Cl2-CuI-x,GaNe,Pt,0,,12.1,95,100000
Air,,Ga2Cl2-CuI-x,GaNe,Pt,0,,3.3,79,100000
Air,,Ga2Cl2-CuI-x,GaNe,Pt,0,,10.6,79,100000
Air,,Ga2Cl2-CuI-x,TiO2e,Pt,0,,11.8,378,100000
Air,,Ga2Cl2-CuI-x,Al2O3e,Pt,0,,8.5,313,100000
Air,,Ga2Cl2-CuI-x,TiO2e,Pd,0,,19.6,191,100000
Air,,Ga2Cl2-CuI-x,MgO,Pd,0,,6.3,43,100000
Air,,Ga2Cl2-CuI-x,MgO,Pd,0,,6.1,43,100000
Air,,Ga2Cl2-CuI-x,,Pd,0,,17.0,,100000
Air,,Ga2Cl2-CuI-x,,Pd,0,,10.1,,100000
Air,,Ga2Cl2-CuI-x,HfO2,Graphite,0,,7.6,242,100000
Air,,Ga2Cl2-CuI-x,HfO2,Graphite,0,,4.8,150,100000
Air,,Ga2Cl2-CuI-x,,Graphite,0,,5.5,,100000
Air,,Ga2Cl2-CuI-x,,Graphite,0,,19.4,,100000
Air,,Ga2Cl2-CuI-x,,Graphite,0,,8.3,,100000
Air,,Ga2Cl2-CuI-x,GaNe,Si,0,,15.5,417,100000
Air,,Ga2Cl2-CuI-x,GaNe,Si,0,,19.0,417,100000
Air,,Ga2Cl2-CuI-x,HfO2,Si,0,,20.0,96,100000
Air,,Ga2Cl2-CuI-x,HfO2,Si,0,,16.3,400,100000
Air,,Ga2Cl2-CuI-x,MgO,Si,0,,18.1,74,100000
Air,,Ga2Cl2-CuI-x,MgO,Au,0,,15.5,34,100000
Air,,Ga2Cl2-CuI-x,GaNe,Au,0,,0.3,331,100000
Air,,Ga2Cl2-CuI-x,GaNe,Au,0,,4.5,331,100000
Air,,Ga2Cl2-CuI-x,,Au,0,,18.3,,100000
Air,,Ga2Cl2-CuI-x,,Au,0,,16.4,,100000
Air,,Ga2Cl2-CuI-x,Al2O3e,Graphite,0,,6.0,249,100000
Air,,Ga2Cl2-CuI-x,BaF2,Graphite,0,,10.0,122,100000
Air,,Ga2Cl2-CuI-x,BaF2,Graphite,0,,8.5,391,100000
Air,,Ga2Cl2-CuI-x,BaF2,Graphite,0,,16.8,216,100000
Air,,Ga2Cl2-CuI-x,GaNe,Graphite,0,,5.4,442,100000
Air,,Ga2Cl2-CuI-x,HfO2,Si,0,,6.9,222,100000
Air,,Ga2Cl2-CuI-x,,Si,0,,7.3,,100000
Air,,Ga2Cl2-CuI-x,,Si,0,,16.7,,100000
Air,,Ga2Cl2-CuI-x,,Si,0,,19.9,,100000
Air,,Ga2Cl2-CuI-x,Al2O3e,Si,0,,14.6,462,100000
Air,,Ga2Cl2-CuI-x,SiO2e,Pd,0,,4.2,414,100000
Air,,Ti2I2O2-FeOCl-x,BaF2,Pd,0,,5.3,336,100000
Air,,Ti2I2O2-FeOCl-x,BaF2,Pd,0,,6.8,127,100000
Air,,Ti2I2O2-FeOCl-x,BaF2,Pd,0,,2.7,300,100000
Air,,Ti2I2O2-FeOCl-x,MgO,Pd,0,,4.6,33,100000
Air,,Ti2I2O2-FeOCl-x,,Graphite,0,,6.4,,100000
Air,,Ti2I2O2-FeOCl-x,GaNe,Graphite,0,,0.4,477,100000
Air,,Ti2I2O2-FeOCl-x,GaNe,Graphite,0,,0.8,477,100000
Air,,Ti2I2O2-FeOCl-x,GaNe,Graphite,0,,5.2,429,100000
Air,,Ti2I2O2-FeOCl-x,GaNe,Graphite,0,,15.3,308,100000
Air,,Ti2I2O2-FeOCl-x,,Al,0,,16.2,,100000
Air,,Ti2I2O2-FeOCl-x,,Al,0,,12.0,,100000
Air,,Ti2I2O2-FeOCl-x,MgO,Al,0,,7.5,271,100000
Air,,Ti2I2O2-FeOCl-x,HfO2,Al,0,,14.7,112,100000
Air,,Ti2I2O2-FeOCl-x,BaF2,Al,0,,16.2,288,100000
Air,,Ti2I2O2-FeOCl-x,TiO2e,Al,0,,13.2,361,100000
Air,,Ti2I2O2-FeOCl-x,TiO2e,Al,0,,8.0,361,100000
Air,,Ti2I2O2-FeOCl-x,,Al,0,,1.4,,100000
Air,,Ti2I2O2-FeOCl-x,,Al,0,,19.0,,100000
Air,,Ti2I2O2-FeOCl-x,,Al,0,,18.2,,100000
Air,,Ti2I2O2-FeOCl-x,TiO2e,Graphite,0,,19.7,367,100000
Air,,Ti2I2O2-FeOCl-x,TiO2e,Graphite,0,,15.3,143,100000
Air,,Ti2I2O2-FeOCl-x,Al2O3e,Graphite,0,,15.5,100,100000
Air,,Ti2I2O2-FeOCl-x,Al2O3e,Graphite,0,,19.3,100,100000
Air,,Ti2I2O2-FeOCl-x,GaNe,Graphite,0,,17.7,403,100000
Air,,Ti2I2O2-FeOCl-x,MgO,Pt,0,,14.3,434,100000
Air,,Ti2I2O2-FeOCl-x,,Pt,0,,1.8,,100000
Air,,Ti2I2O2-FeOCl-x,,Pt,0,,2.8,,100000
Air,,Ti2I2O2-FeOCl-x,SiO2e,Pt,0,,7.1,261,100000
Air,,Ti2I2O2-FeOCl-x,SiO2e,Pt,0,,17.2,366,100000
Air,,Ti2I2O2-FeOCl-x,GaNe,Ge,0,,5.2,211,100000
Air,,Ti2I2O2-FeOCl-x,HfO2,Ge,0,,18.1,37,100000
Air,,Ti2I2O2-FeOCl-x,HfO2,Ge,0,,10.0,37,100000
Air,,Ti2I2O2-FeOCl-x,Al2O3e,Ge,0,,14.7,188,100000
Air,,Ti2I2O2-FeOCl-x,Al2O3e,Ge,0,,4.9,191,100000
Air,,Ti2I2O2-FeOCl-x,,Al,0,,16.2,,100000
Air,,Ti2I2O2-FeOCl-x,,Al,0,,9.7,,100000
Air,,Ti2I2O2-FeOCl-x,,Al,0,,7.7,,100000
Air,,Ti2I2O2-FeOCl-x,SiO2e,Al,0,,6.0,485,100000
Air,,Ti2I2O2-FeOCl-x,SiO2e,Al,0,,17.5,485,100000
Air,,Ti2I2O2-FeOCl-x,HfO2,Graphite,0,,14.0,59,100000
Air,,Ti2I2O2-FeOCl-x,HfO2,Graphite,0,,11.1,236,100000
Air,,Ti2I2O2-FeOCl-x,,Graphite,0,,6.3,,100000
Air,,Ti2I2O2-FeOCl-x,,Graphite,0,,9.0,,100000
Air,,Ti2I2O2-FeOCl-x,HfO2,Graphite,0,,18.8,27,100000
Air,,Ti2I2O2-FeOCl-x,,W,0,,3.0,,100000
Air,,Ti2I2O2-FeOCl-x,,W,0,,9.4,,100000
Air,,Ti2I2O2-FeOCl-x,,W,0,,2.6,,100000
Air,,Ti2I2O2-FeOCl-x,,W,0,,10.7,,100000
Air,,Ti2I2O2-FeOCl-x,,W,0,,9.3,,100000
Air,,Ti2I2O2-FeOCl-x,,Graphite,0,,16.8,,100000
Air,,Ti2I2O2-FeOCl-x,,Graphite,0,,6.3,,100000
Air,,Ti2I2O2-FeOCl-x,,Graphite,0,,4.1,,100000
Air,,Ti2I2O2-FeOCl-x,HfO2,Graphite,0,,14.6,36,100000
Air,,Ti2I2O2-FeOCl-x,HfO2,Graphite,0,,9.6,216,100000
Air,,Ti2I2O2-FeOCl-x,MgO,Ag,0,,15.3,379,100000
Air,,Ti2I2O2-FeOCl-x,Al2O3e,Ag,0,,1.4,430,100000
Air,,Ti2I2O2-FeOCl-x,,Ag,0,,1.9,,100000
Air,,Ti2I2O2-FeOCl-x,BaF2,Ag,0,,6.7,342,100000
Air,,Ti2I2O2-FeOCl-x,HfO2,Ag,0,,5.7,190,100000
Air,,Ti2I2O2-FeOCl-x,,W,0,,5.2,,100000
Air,,Ti2I2O2-FeOCl-x,,W,0,,14.9,,100000
Air,,Ti2I2O2-FeOCl-x,TiO2e,W,0,,1.0,219,100000
Air,,Ti2I2O2-FeOCl-x,TiO2e,W,0,,5.3,399,100000
Air,,Ti2I2O2-FeOCl-x,TiO2e,W,0,,5.3,277,100000
Air,,Ti2I2O2-FeOCl-x,MgO,Pt,0,,4.4,453,100000
Air,,Ti2I2O2-FeOCl-x,MgO,Pt,0,,10.2,241,100000
Air,,Ti2I2O2-FeOCl-x,MgO,Pt,0,,4.2,241,100000
Air,,Ti2I2O2-FeOCl-x,MgO,Pt,0,,15.5,241,100000
Air,,Ti2I2O2-FeOCl-x,Al2O3e,Pt,0,,19.5,45,100000
Air,,Ti2I2O2-FeOCl-x,MgO,W,0,,2.8,419,100000
Air,,Ti2I2O2-FeOCl-x,MgO,W,0,,3.0,419,100000
Air,,Ti2I2O2-FeOCl-x,SiO2e,W,0,,19.9,377,100000
Air,,Ti2I2O2-FeOCl-x,Al2O3e,W,0,,15.9,156,100000
Air,,Ti2I2O2-FeOCl-x,Al2O3e,W,0,,3.3,444,100000
Air,,Ti2I2O2-FeOCl-x,,Ag,0,,17.9,,100000
Air,,Ti2I2O2-FeOCl-x,TiO2e,Ag,0,,2.2,166,100000
Air,,Ti2I2O2-FeOCl-x,TiO2e,Ag,0,,11.1,231,100000
Air,,Ti2I2O2-FeOCl-x,TiO2e,Ag,0,,8.4,377,100000
Air,,Ti2I2O2-FeOCl-x,TiO2e,Ag,0,,2.3,56,100000
Air,,Ti2I2O2-FeOCl-x,,Pd,0,,17.3,,100000
Air,,Ti2I2O2-FeOCl-x,,Pd,0,,7.4,,100000
Air,,Ti2I2O2-FeOCl-x,,Pd,0,,4.6,,100000
Air,,Ti2I2O2-FeOCl-x,MgO,Pd,0,,11.9,348,100000
Air,,Ti2I2O2-FeOCl-x,MgO,Pd,0,,19.6,245,100000
Air,,Ti2I2O2-FeOCl-x,,Al,0,,6.7,,100000
Air,,Ti2I2O2-FeOCl-x,,Al,0,,1.7,,100000
Air,,Ti2I2O2-FeOCl-x,,Al,0,,14.9,,100000
Air,,Ti2I2O2-FeOCl-x,,Al,0,,18.7,,100000
Air,,Ti2I2O2-FeOCl-x,GaNe,Al,0,,14.5,129,100000
Air,,Ti2I2O2-FeOCl-x,BaF2,Pt,0,,14.0,92,100000
Air,,Ti2I2O2-FeOCl-x,,Pt,0,,9.6,,100000
Air,,Ti2I2O2-FeOCl-x,,Pt,0,,18.2,,100000
Air,,Ti2I2O2-FeOCl-x,Al2O3e,Pt,0,,18.5,95,100000
Air,,Ti2I2O2-FeOCl-x,,Pt,0,,10.7,,100000
Air,,Ti2I2O2-FeOCl-x,BaF2,W,0,,19.3,302,100000
Air,,Ti2I2O2-FeOCl-x,,W,0,,18.9,,100000
Air,,Ti2I2O2-FeOCl-x,,W,0,,14.5,,100000
Air,,Ti2I2O2-FeOCl-x,BaF2,W,0,,15.6,82,100000
Air,,Ti2I2O2-FeOCl-x,BaF2,W,0,,12.0,365,100000
Air,,Ti2I2O2-FeOCl-x,MgO,Ge,0,,10.8,365,100000
Air,,Ti2I2O2-FeOCl-x,MgO,Ge,0,,15.8,120,100000
Air,,Ti2I2O2-FeOCl-x,MgO,Ge,0,,4.8,10,100000
Air,,Ti2I2O2-FeOCl-x,MgO,Ge,0,,11.7,51,100000
Air,,Ti2I2O2-FeOCl-x,MgO,Ge,0,,15.4,51,100000
Air,,Ti2I2O2-FeOCl-x,Al2O3e,Ge,0,,14.6,447,100000
Air,,Ti2I2O2-FeOCl-x,SiO2e,Ge,0,,13.1,241,100000
Air,,Ti2I2O2-FeOCl-x,SiO2e,Ge,0,,15.8,24,100000
Air,,Ti2I2O2-FeOCl-x,SiO2e,Ge,0,,9.7,24,100000
Air,,Ti2I2O2-FeOCl-x,,Ge,0,,0.2,,100000
Air,,Ti2I2O2-FeOCl-x,,Si,0,,4.1,,100000
Air,,Ti2I2O2-FeOCl-x,TiO2e,Si,0,,4.3,304,100000
Air,,Ti2I2O2-FeOCl-x,TiO2e,Si,0,,3.3,304,100000
Air,,Ti2I2O2-FeOCl-x,TiO2e,Si,0,,13.1,198,100000
Air,,Ti2I2O2-FeOCl-x,TiO2e,Si,0,,1.0,198,100000
Air,,Ti2I2O2-FeOCl-x,HfO2,Al,0,,3.4,433,100000
Air,,Ti2I2O2-FeOCl-x,BaF2,Al,0,,2.4,353,100000
Air,,Ti2I2O2-FeOCl-x,BaF2,Al,0,,7.7,353,100000
Air,,Ti2I2O2-FeOCl-x,BaF2,Al,0,,12.5,13,100000
Air,,Ti2I2O2-FeOCl-x,BaF2,Al,0,,12.5,13,100000
Air,,Ti2I2O2-FeOCl-x,Al2O3e,Ge,0,,17.0,288,100000
Air,,Ti2I2O2-FeOCl-x,Al2O3e,Ge,0,,11.9,112,100000
Air,,Ti2I2O2-FeOCl-x,Al2O3e,Ge,0,,12.7,112,100000
Air,,Ti2I2O2-FeOCl-x,Al2O3e,Ge,0,,12.5,155,100000
Air,,Ti2I2O2-FeOCl-x,Al2O3e,Ge,0,,6.8,244,100000
Air,,Ti2I2O2-FeOCl-x,TiO2e,Al,0,,11.4,196,100000
Air,,Ti2I2O2-FeOCl-x,BaF2,Al,0,,16.5,235,100000
Air,,Ti2I2O2-FeOCl-x,GaNe,Al,0,,14.5,321,100000
Air,,Ti2I2O2-FeOCl-x,GaNe,Al,0,,8.5,411,100000
Air,,Ti2I2O2-FeOCl-x,GaNe,Al,0,,16.6,126,100000
Air,,Ti2I2O2-FeOCl-x,HfO2,W,0,,3.5,143,100000
Air,,Ti2I2O2-FeOCl-x,HfO2,W,0,,4.6,191,100000
Air,,Ti2I2O2-FeOCl-x,HfO2,W,0,,5.1,431,100000
Air,,Ti2I2O2-FeOCl-x,HfO2,W,0,,19.8,431,100000
Air,,Ti2I2O2-FeOCl-x,HfO2,W,0,,1.1,91,100000
Air,,Ti2I2O2-FeOCl-x,TiO2e,Pt,0,,6.5,390,100000
Air,,Ti2I2O2-FeOCl-x,TiO2e,Pt,0,,3.5,326,100000
Air,,Ti2I2O2-FeOCl-x,TiO2e,Pt,0,,13.1,326,100000
Air,,Ti2I2O2-FeOCl-x,TiO2e,Pt,0,,2.5,197,100000
Air,,Ti2I2O2-FeOCl-x,TiO2e,Pt,0,,14.5,54,100000
Air,,Ti2I2O2-FeOCl-x,GaNe,Al,0,,4.5,415,100000
Air,,Ti2I2O2-FeOCl-x,GaNe,Al,0,,6.0,415,100000
Air,,Ti2I2O2-FeOCl-x,GaNe,Al,0,,1.4,415,100000
Air,,Ti2I2O2-FeOCl-x,GaNe,Al,0,,12.6,237,100000
Air,,SnO-BN-x,GaNe,Al,0,,12.6,332,100000
Air,,SnO-BN-x,Al2O3e,Au,0,,10.7,432,100000
Air,,SnO-BN-x,Al2O3e,Au,0,,14.3,240,100000
Air,,SnO-BN-x,Al2O3e,Au,0,,7.0,240,100000
Air,,SnO-BN-x,Al2O3e,Au,0,,10.7,240,100000
Air,,SnO-BN-x,,Au,0,,10.8,,100000
Air,,SnO-BN-x,HfO2,Al,0,,9.1,219,100000
Air,,SnO-BN-x,HfO2,Al,0,,8.0,145,100000
Air,,SnO-BN-x,HfO2,Al,0,,8.7,145,100000
Air,,SnO-BN-x,SiO2e,Al,0,,3.6,62,100000
Air,,SnO-BN-x,SiO2e,Al,0,,0.7,475,100000
Air,,SnO-BN-x,HfO2,Au,0,,6.8,222,100000
Air,,SnO-BN-x,Al2O3e,Au,0,,6.8,95,100000
Air,,SnO-BN-x,,Au,0,,11.4,,100000
Air,,SnO-BN-x,,Au,0,,3.8,,100000
Air,,SnO-BN-x,BaF2,Au,0,,4.9,217,100000
Air,,SnO-BN-x,GaNe,Pt,0,,9.7,49,100000
Air,,SnO-BN-x,,Pt,0,,14.8,,100000
Air,,SnO-BN-x,MgO,Pt,0,,10.6,89,100000
Air,,SnO-BN-x,Al2O3e,Pt,0,,14.0,255,100000
Air,,SnO-BN-x,TiO2e,Pt,0,,17.3,333,100000
Air,,SnO-BN-x,,Si,0,,12.0,,100000
Air,,SnO-BN-x,,Si,0,,19.8,,100000
Air,,SnO-BN-x,MgO,Si,0,,7.7,93,100000
Air,,SnO-BN-x,MgO,Si,0,,19.6,93,100000
Air,,SnO-BN-x,,Si,0,,15.3,,100000
Air,,SnO-BN-x,BaF2,Pd,0,,10.5,157,100000
Air,,SnO-BN-x,BaF2,Pd,0,,6.4,77,100000
Air,,SnO-BN-x,MgO,Pd,0,,12.3,264,100000
Air,,SnO-BN-x,MgO,Pd,0,,6.5,187,100000
Air,,SnO-BN-x,MgO,Pd,0,,15.2,187,100000
Air,,SnO-BN-x,BaF2,Graphite,0,,6.1,442,100000
Air,,SnO-BN-x,SiO2e,Graphite,0,,6.1,454,100000
Air,,SnO-BN-x,SiO2e,Graphite,0,,4.7,450,100000
Air,,SnO-BN-x,GaNe,Graphite,0,,15.5,379,100000
Air,,SnO-BN-x,BaF2,Graphite,0,,19.6,249,100000
Air,,SnO-BN-x,,Pd,0,,19.8,,100000
Air,,SnO-BN-x,,Pd,0,,20.0,,100000
Air,,SnO-BN-x,GaNe,Pd,0,,2.6,97,100000
Air,,SnO-BN-x,,Pd,0,,19.4,,100000
Air,,SnO-BN-x,,Pd,0,,8.0,,100000
Air,,SnO-BN-x,MgO,Graphite,0,,15.5,233,100000
Air,,SnO-BN-x,MgO,Graphite,0,,18.0,74,100000
Air,,SnO-BN-x,GaNe,Graphite,0,,7.5,359,100000
Air,,SnO-BN-x,MgO,Graphite,0,,14.8,437,100000
Air,,SnO-BN-x,MgO,Graphite,0,,17.3,498,100000
Air,,SnO-BN-x,Al2O3e,Si,0,,0.4,485,100000
Air,,SnO-BN-x,,Si,0,,4.4,,100000
Air,,SnO-BN-x,,Si,0,,11.9,,100000
Air,,SnO-BN-x,SiO2e,Si,0,,10.8,478,100000
Air,,SnO-BN-x,TiO2e,Si,0,,7.8,166,100000
Air,,SnO-BN-x,HfO2,Ge,0,,15.1,460,100000
Air,,SnO-BN-x,HfO2,Ge,0,,1.4,460,100000
Air,,SnO-BN-x,,Ge,0,,5.1,,100000
Air,,SnO-BN-x,Al2O3e,Ge,0,,18.3,399,100000
Air,,SnO-BN-x,HfO2,Ge,0,,9.7,32,100000
Air,,SnO-BN-x,Al2O3e,Si,0,,15.1,498,100000
Air,,SnO-BN-x,HfO2,Si,0,,6.2,270,100000
Air,,SnO-BN-x,TiO2e,Si,0,,19.5,335,100000
Air,,SnO-BN-x,TiO2e,Si,0,,10.1,155,100000
Air,,SnO-BN-x,TiO2e,Si,0,,16.3,173,100000
Air,,SnO-BN-x,TiO2e,Pd,0,,12.7,441,100000
Air,,SnO-BN-x,TiO2e,Pd,0,,19.7,488,100000
Air,,SnO-BN-x,TiO2e,Pd,0,,14.0,121,100000
Air,,SnO-BN-x,,Pd,0,,17.5,,100000
Air,,SnO-BN-x,,Pd,0,,7.1,,100000
Air,,SnO-BN-x,MgO,Pt,0,,19.3,495,100000
Air,,SnO-BN-x,MgO,Pt,0,,18.3,495,100000
Air,,SnO-BN-x,,Pt,0,,0.5,,100000
Air,,SnO-BN-x,,Pt,0,,16.7,,100000
Air,,SnO-BN-x,,Pt,0,,15.6,,100000
Air,,SnO-BN-x,TiO2e,W,0,,10.3,142,100000
Air,,SnO-BN-x,,W,0,,13.8,,100000
Air,,SnO-BN-x,BaF2,W,0,,2.7,149,100000
Air,,SnO-BN-x,BaF2,W,0,,13.2,149,100000
Air,,SnO-BN-x,SiO2e,W,0,,5.7,253,100000
Air,,SnO-BN-x,HfO2,Au,0,,9.8,268,100000
Air,,SnO-BN-x,SiO2e,Au,0,,6.1,155,100000
Air,,SnO-BN-x,SiO2e,Au,0,,17.3,155,100000
Air,,SnO-BN-x,SiO2e,Au,0,,9.3,155,100000
Air,,SnO-BN-x,SiO2e,Au,0,,8.0,155,100000
Air,,SnO-BN-x,Al2O3e,W,0,,2.3,298,100000
Air,,SnO-BN-x,BaF2,W,0,,12.8,468,100000
Air,,SnO-BN-x,,W,0,,1.4,,100000
Air,,SnO-BN-x,Al2O3e,W,0,,17.7,486,100000
Air,,SnO-BN-x,,W,0,,12.0,,100000
Air,,SnO-BN-x,,W,0,,15.4,,100000
Air,,SnO-BN-x,SiO2e,W,0,,18.9,38,100000
Air,,SnO-BN-x,TiO2e,W,0,,12.6,62,100000
Air,,SnO-BN-x,Al2O3e,W,0,,6.9,256,100000
Air,,SnO-BN-x,,W,0,,6.3,,100000
Air,,SnO-BN-x,GaNe,Ge,0,,17.3,453,100000
Air,,SnO-BN-x,GaNe,Ge,0,,2.6,451,100000
Air,,SnO-BN-x,GaNe,Ge,0,,9.4,451,100000
Air,,SnO-BN-x,MgO,Ge,0,,9.5,68,100000
Air,,SnO-BN-x,Al2O3e,Ge,0,,5.8,145,100000
Air,,SnO-BN-x,,Ge,0,,16.1,,100000
Air,,SnO-BN-x,,Ge,0,,17.7,,100000
Air,,SnO-BN-x,HfO2,Ge,0,,15.3,130,100000
Air,,SnO-BN-x,HfO2,Ge,0,,10.2,422,100000
Air,,SnO-BN-x,HfO2,Ge,0,,10.4,422,100000
Air,,SnO-BN-x,SiO2e,Graphite,0,,6.8,396,100000
Air,,SnO-BN-x,BaF2,Graphite,0,,13.8,386,100000
Air,,SnO-BN-x,BaF2,Graphite,0,,18.4,386,100000
Air,,SnO-BN-x,BaF2,Graphite,0,,9.4,386,100000
Air,,SnO-BN-x,BaF2,Graphite,0,,18.0,232,100000
Air,,SnO-BN-x,MgO,Graphite,0,,11.7,55,100000
Air,,SnO-BN-x,MgO,Graphite,0,,19.1,55,100000
Air,,SnO-BN-x,,Graphite,0,,12.7,,100000
Air,,SnO-BN-x,SiO2e,Graphite,0,,3.0,25,100000
Air,,SnO-BN-x,SiO2e,Graphite,0,,1.8,25,100000
Air,,SnO-BN-x,Al2O3e,W,0,,11.7,40,100000
Air,,SnO-BN-x,Al2O3e,W,0,,5.1,430,100000
Air,,SnO-BN-x,Al2O3e,W,0,,6.1,491,100000
Air,,SnO-BN-x,GaNe,W,0,,4.1,302,100000
Air,,SnO-BN-x,GaNe,W,0,,16.7,467,100000
Air,,SnO-BN-x,BaF2,Pt,0,,1.6,296,100000
Air,,SnO-BN-x,BaF2,Pt,0,,1.6,25,100000
Air,,SnO-BN-x,BaF2,Pt,0,,5.6,318,100000
Air,,SnO-BN-x,SiO2e,Pt,0,,18.4,22,100000
Air,,SnO-BN-x,,Pt,0,,9.7,,100000
Air,,SnO-BN-x,SiO2e,Ge,0,,15.8,307,100000
Air,,SnO-BN-x,SiO2e,Ge,0,,7.5,227,100000
Air,,SnO-BN-x,SiO2e,Ge,0,,14.1,204,100000
Air,,SnO-BN-x,SiO2e,Ge,0,,2.4,204,100000
Air,,SnO-BN-x,,Ge,0,,0.5,,100000
Air,,SnO-BN-x,TiO2e,Pt,0,,5.9,176,100000
Air,,SnO-BN-x,BaF2,Pt,0,,19.3,416,100000
Air,,SnO-BN-x,MgO,Pt,0,,14.2,224,100000
Air,,SnO-BN-x,MgO,Pt,0,,0.2,63,100000
Air,,SnO-BN-x,MgO,Pt,0,,2.2,63,100000
Air,,SnO-BN-x,MgO,Ge,0,,14.6,133,100000
Air,,SnO-BN-x,Al2O3e,Ge,0,,2.5,323,100000
Air,,SnO-BN-x,Al2O3e,Ge,0,,9.2,124,100000
Air,,SnO-BN-x,Al2O3e,Ge,0,,3.3,357,100000
Air,,SnO-BN-x,Al2O3e,Ge,0,,17.1,357,100000
Air,,SnO-BN-x,MgO,Graphite,0,,2.9,139,100000
Air,,SnO-BN-x,MgO,Graphite,0,,9.5,257,100000
Air,,SnO-BN-x,MgO,Graphite,0,,7.2,257,100000
Air,,SnO-BN-x,MgO,Graphite,0,,0.3,257,100000
Air,,SnO-BN-x,MgO,Graphite,0,,15.0,257,100000
Air,,SnO-BN-x,,Au,0,,4.4,,100000
Air,,SnO-BN-x,SiO2e,Au,0,,6.7,176,100000
Air,,Ag2Cl2-CuI-x,HfO2,Au,0,,14.2,310,100000
Air,,Ag2Cl2-CuI-x,HfO2,Au,0,,3.3,125,100000
Air,,Ag2Cl2-CuI-x,HfO2,Au,0,,16.7,133,100000
Air,,Ag2Cl2-CuI-x,MgO,Au,0,,16.2,442,100000
Air,,Ag2Cl2-CuI-x,MgO,Au,0,,11.2,175,100000
Air,,Ag2Cl2-CuI-x,TiO2e,Au,0,,2.9,70,100000
Air,,Ag2Cl2-CuI-x,,Au,0,,7.2,,100000
Air,,Ag2Cl2-CuI-x,,Au,0,,12.1,,100000
Air,,Ag2Cl2-CuI-x,SiO2e,Graphite,0,,14.6,379,100000
Air,,Ag2Cl2-CuI-x,SiO2e,Graphite,0,,18.9,92,100000
Air,,Ag2Cl2-CuI-x,SiO2e,Graphite,0,,7.4,92,100000
Air,,Ag2Cl2-CuI-x,SiO2e,Graphite,0,,0.9,40,100000
Air,,Ag2Cl2-CuI-x,SiO2e,Graphite,0,,1.5,409,100000
Air,,Ag2Cl2-CuI-x,,Al,0,,16.8,,100000
Air,,Ag2Cl2-CuI-x,TiO2e,Al,0,,5.2,105,100000
Air,,Ag2Cl2-CuI-x,,Al,0,,10.5,,100000
Air,,Ag2Cl2-CuI-x,,Al,0,,1.9,,100000
Air,,Ag2Cl2-CuI-x,,Al,0,,20.0,,100000
Air,,Ag2Cl2-CuI-x,HfO2,Pd,0,,3.9,102,100000
Air,,Ag2Cl2-CuI-x,HfO2,Pd,0,,3.6,102,100000
Air,,Ag2Cl2-CuI-x,,Pd,0,,7.4,,100000
Air,,Ag2Cl2-CuI-x,,Pd,0,,13.5,,100000
Air,,Ag2Cl2-CuI-x,Al2O3e,Pd,0,,19.9,262,100000
Air,,Ag2Cl2-CuI-x,HfO2,Al,0,,8.7,23,100000
Air,,Ag2Cl2-CuI-x,,Al,0,,12.6,,100000
Air,,Ag2Cl2-CuI-x,,Al,0,,12.7,,100000
Air,,Ag2Cl2-CuI-x,SiO2e,Al,0,,3.0,344,100000
Air,,Ag2Cl2-CuI-x,SiO2e,Al,0,,7.7,344,100000
Air,,Ag2Cl2-CuI-x,MgO,Pd,0,,15.1,32,100000
Air,,Ag2Cl2-CuI-x,MgO,Pd,0,,17.9,451,100000
Air,,Ag2Cl2-CuI-x,GaNe,Pd,0,,19.3,485,100000
Air,,Ag2Cl2-CuI-x,Al2O3e,Pd,0,,14.0,279,100000
Air,,Ag2Cl2-CuI-x,GaNe,Pd,0,,8.6,251,100000
Air,,Ag2Cl2-CuI-x,GaNe,W,0,,5.7,409,100000
Air,,Ag2Cl2-CuI-x,Al2O3e,W,0,,4.0,336,100000
Air,,Ag2Cl2-CuI-x,BaF2,W,0,,17.8,88,100000
Air,,Ag2Cl2-CuI-x,TiO2e,W,0,,2.3,23,100000
Air,,Ag2Cl2-CuI-x,TiO2e,W,0,,12.2,368,100000
Air,,Ag2Cl2-CuI-x,TiO2e,Au,0,,14.9,258,100000
Air,,Ag2Cl2-CuI-x,TiO2e,Au,0,,16.4,67,100000
Air,,Ag2Cl2-CuI-x,SiO2e,Au,0,,6.0,75,100000
Air,,Ag2Cl2-CuI-x,,Au,0,,14.0,,100000
Air,,Ag2Cl2-CuI-x,,Au,0,,11.2,,100000
Air,,Ag2Cl2-CuI-x,SiO2e,W,0,,0.8,40,100000
Air,,Ag2Cl2-CuI-x,SiO2e,W,0,,7.9,394,100000
Air,,Ag2Cl2-CuI-x,SiO2e,W,0,,19.4,136,100000
Air,,Ag2Cl2-CuI-x,SiO2e,W,0,,16.4,181,100000
Air,,Ag2Cl2-CuI-x,SiO2e,W,0,,2.0,417,100000
Air,,Ag2Cl2-CuI-x,HfO2,Pt,0,,3.1,225,100000
Air,,Ag2Cl2-CuI-x,,Pt,0,,16.9,,100000
Air,,Ag2Cl2-CuI-x,,Pt,0,,13.7,,100000
Air,,Ag2Cl2-CuI-x,,Pt,0,,7.4,,100000
Air,,Ag2Cl2-CuI-x,TiO2e,Pt,0,,17.5,299,100000
Air,,Ag2Cl2-CuI-x,SiO2e,Pt,0,,19.1,391,100000
Air,,Ag2Cl2-CuI-x,SiO2e,Pt,0,,12.5,391,100000
Air,,Ag2Cl2-CuI-x,MgO,Pt,0,,7.4,486,100000
Air,,Ag2Cl2-CuI-x,MgO,Pt,0,,8.4,125,100000
Air,,Ag2Cl2-CuI-x,MgO,Pt,0,,10.3,301,100000
Air,,Ag2Cl2-CuI-x,MgO,Ag,0,,10.0,40,100000
Air,,Ag2Cl2-CuI-x,HfO2,Ag,0,,9.8,46,100000
Air,,Ag2Cl2-CuI-x,HfO2,Ag,0,,10.8,46,100000
Air,,Ag2Cl2-CuI-x,,Ag,0,,8.6,,100000
Air,,Ag2Cl2-CuI-x,,Ag,0,,8.2,,100000
Air,,Ag2Cl2-CuI-x,HfO2,Si,0,,19.3,126,100000
Air,,Ag2Cl2-CuI-x,HfO2,Si,0,,11.5,318,100000
Air,,Ag2Cl2-CuI-x,HfO2,Si,0,,12.7,318,100000
Air,,Ag2Cl2-CuI-x,SiO2e,Si,0,,9.2,126,100000
Air,,Ag2Cl2-CuI-x,SiO2e,Si,0,,12.5,178,100000
Air,,Ag2Cl2-CuI-x,TiO2e,Al,0,,19.1,348,100000
Air,,Ag2Cl2-CuI-x,MgO,Al,0,,11.3,298,100000
Air,,Ag2Cl2-CuI-x,HfO2,Al,0,,14.2,473,100000
Air,,Ag2Cl2-CuI-x,,Al,0,,5.8,,100000
Air,,Ag2Cl2-CuI-x,,Al,0,,11.7,,100000
Air,,Ag2Cl2-CuI-x,Al2O3e,Pd,0,,1.4,141,100000
Air,,Ag2Cl2-CuI-x,TiO2e,Pd,0,,4.4,448,100000
Air,,Ag2Cl2-CuI-x,TiO2e,Pd,0,,11.7,448,100000
Air,,Ag2Cl2-CuI-x,TiO2e,Pd,0,,14.5,448,100000
Air,,Ag2Cl2-CuI-x,TiO2e,Pd,0,,7.7,247,100000
Air,,Ag2Cl2-CuI-x,MgO,Pt,0,,10.0,270,100000
Air,,Ag2Cl2-CuI-x,Al2O3e,Pt,0,,12.8,102,100000
Air,,Ag2Cl2-CuI-x,Al2O3e,Pt,0,,2.9,102,100000
Air,,Ag2Cl2-CuI-x,Al2O3e,Pt,0,,19.4,394,100000
Air,,Ag2Cl2-CuI-x,Al2O3e,Pt,0,,3.5,418,100000
Air,,Ag2Cl2-CuI-x,TiO2e,Pd,0,,3.7,392,100000
Air,,Ag2Cl2-CuI-x,TiO2e,Pd,0,,4.3,323,100000
Air,,Ag2Cl2-CuI-x,TiO2e,Pd,0,,3.0,209,100000
Air,,Ag2Cl2-CuI-x,Al2O3e,Pd,0,,16.2,483,100000
Air,,Ag2Cl2-CuI-x,Al2O3e,Pd,0,,11.9,394,100000
Air,,Ag2Cl2-CuI-x,MgO,W,0,,6.5,409,100000
Air,,Ag2Cl2-CuI-x,MgO,W,0,,0.1,409,100000
Air,,Ag2Cl2-CuI-x,HfO2,W,0,,2.4,129,100000
Air,,Ag2Cl2-CuI-x,GaNe,W,0,,0.5,312,100000
Air,,Ag2Cl2-CuI-x,GaNe,W,0,,3.2,410,100000
Air,,Ag2Cl2-CuI-x,BaF2,Pt,0,,3.7,290,100000
Air,,Ag2Cl2-CuI-x,BaF2,Pt,0,,9.3,200,100000
Air,,Ag2Cl2-CuI-x,BaF2,Pt,0,,17.7,280,100000
Air,,Ag2Cl2-CuI-x,MgO,Pt,0,,5.8,239,100000
Air,,Ag2Cl2-CuI-x,HfO2,Pt,0,,6.7,128,100000
Air,,Ag2Cl2-CuI-x,Al2O3e,Ag,0,,5.0,135,100000
Air,,Ag2Cl2-CuI-x,Al2O3e,Ag,0,,11.7,247,100000
Air,,Ag2Cl2-CuI-x,Al2O3e,Ag,0,,18.8,94,100000
Air,,Ag2Cl2-CuI-x,HfO2,Ag,0,,10.6,409,100000
Air,,Ag2Cl2-CuI-x,HfO2,Ag,0,,17.9,93,100000
Air,,Ag2Cl2-CuI-x,,Pt,0,,18.4,,100000
Air,,Ag2Cl2-CuI-x,BaF2,Pt,0,,11.8,112,100000
Air,,Ag2Cl2-CuI-x,BaF2,Pt,0,,7.7,458,100000
Air,,Ag2Cl2-CuI-x,BaF2,Pt,0,,1.8,367,100000
Air,,Ag2Cl2-CuI-x,GaNe,Pt,0,,6.5,192,100000
Air,,Ag2Cl2-CuI-x,,Au,0,,2.9,,100000
Air,,Ag2Cl2-CuI-x,SiO2e,Au,0,,18.5,485,100000
Air,,Ag2Cl2-CuI-x,,Au,0,,14.5,,100000
Air,,Ag2Cl2-CuI-x,,Au,0,,2.9,,100000
Air,,Ag2Cl2-CuI-x,,Au,0,,11.8,,100000
Air,,Ag2Cl2-CuI-x,,Au,0,,2.7,,100000
Air,,Ag2Cl2-CuI-x,,Au,0,,9.5,,100000
Air,,Ag2Cl2-CuI-x,,Au,0,,13.1,,100000
Air,,Ag2Cl2-CuI-x,TiO2e,Au,0,,13.6,181,100000
Air,,Ag2Cl2-CuI-x,TiO2e,Au,0,,7.1,181,100000
Air,,Ag2Cl2-CuI-x,BaF2,W,0,,13.4,359,100000
Air,,Ag2Cl2-CuI-x,BaF2,W,0,,14.6,359,100000
Air,,Ag2Cl2-CuI-x,MgO,W,0,,16.7,132,100000
Air,,Ag2Cl2-CuI-x,MgO,W,0,,18.8,86,100000
Air,,Ag2Cl2-CuI-x,TiO2e,W,0,,7.5,415,100000
Air,,Ag2Cl2-CuI-x,TiO2e,Au,0,,16.4,32,100000
Air,,Ag2Cl2-CuI-x,TiO2e,Au,0,,13.6,272,100000
Air,,Ag2Cl2-CuI-x,TiO2e,Au,0,,0.4,272,100000
Air,,Ag2Cl2-CuI-x,Al2O3e,Au,0,,16.2,151,100000
Air,,Ag2Cl2-CuI-x,,Au,0,,19.1,,100000
Air,,Ag2Cl2-CuI-x,GaNe,Au,0,,11.3,302,100000
Air,,Ag2Cl2-CuI-x,GaNe,Au,0,,14.9,302,100000
Air,,Ag2Cl2-CuI-x,GaNe,Au,0,,8.5,320,100000
Air,,Ag2Cl2-CuI-x,Al2O3e,Au,0,,19.9,204,100000
Air,,Ag2Cl2-CuI-x,Al2O3e,Au,0,,4.2,130,100000
Air,,Ag2Cl2-CuI-x,HfO2,Ge,0,,2.3,324,100000
Air,,Ag2Cl2-CuI-x,HfO2,Ge,0,,12.1,260,100000
Air,,Ag2Cl2-CuI-x,,Ge,0,,17.9,,100000
Air,,Ag2Cl2-CuI-x,,Ge,0,,9.3,,100000
Air,,Ag2Cl2-CuI-x,HfO2,Ge,0,,3.9,92,100000
Air,,Ag2Cl2-CuI-x,BaF2,Si,0,,7.1,401,100000
Air,,Ag2Cl2-CuI-x,,Si,0,,19.3,,100000
Air,,Ag2Cl2-CuI-x,,Si,0,,18.0,,100000
Air,,Ag2Cl2-CuI-x,,Si,0,,2.1,,100000
Air,,Ag2Cl2-CuI-x,,Si,0,,15.3,,100000
Air,,Tl2I2O2-FeOCl-x,MgO,Pd,0,,10.1,157,100000
Air,,Tl2I2O2-FeOCl-x,,Pd,0,,15.0,,100000
Air,,Tl2I2O2-FeOCl-x,,Pd,0,,8.4,,100000
Air,,Tl2I2O2-FeOCl-x,TiO2e,Pd,0,,8.8,184,100000
Air,,Tl2I2O2-FeOCl-x,TiO2e,Pd,0,,0.4,257,100000
Air,,Tl2I2O2-FeOCl-x,HfO2,Pt,0,,16.2,239,100000
Air,,Tl2I2O2-FeOCl-x,HfO2,Pt,0,,12.8,53,100000
Air,,Tl2I2O2-FeOCl-x,Al2O3e,Pt,0,,17.0,130,100000
Air,,Tl2I2O2-FeOCl-x,Al2O3e,Pt,0,,7.0,188,100000
Air,,Tl2I2O2-FeOCl-x,GaNe,Pt,0,,7.1,166,100000
Air,,Tl2I2O2-FeOCl-x,TiO2e,Au,0,,1.1,338,100000
Air,,Tl2I2O2-FeOCl-x,TiO2e,Au,0,,6.4,338,100000
Air,,Tl2I2O2-FeOCl-x,,Au,0,,4.4,,100000
Air,,Tl2I2O2-FeOCl-x,MgO,Au,0,,0.1,415,100000
Air,,Tl2I2O2-FeOCl-x,BaF2,Au,0,,2.2,455,100000
Air,,Tl2I2O2-FeOCl-x,BaF2,Graphite,0,,12.9,151,100000
Air,,Tl2I2O2-FeOCl-x,TiO2e,Graphite,0,,1.0,274,100000
Air,,Tl2I2O2-FeOCl-x,HfO2,Graphite,0,,8.6,73,100000
Air,,Tl2I2O2-FeOCl-x,,Graphite,0,,4.3,,100000
Air,,Tl2I2O2-FeOCl-x,,Graphite,0,,11.1,,100000
Air,,Tl2I2O2-FeOCl-x,SiO2e,Si,0,,2.0,222,100000
Air,,Tl2I2O2-FeOCl-x,TiO2e,Si,0,,17.3,286,100000
Air,,Tl2I2O2-FeOCl-x,TiO2e,Si,0,,18.6,286,100000
Air,,Tl2I2O2-FeOCl-x,,Si,0,,18.0,,100000
Air,,Tl2I2O2-FeOCl-x,,Si,0,,2.6,,100000
Air,,Tl2I2O2-FeOCl-x,MgO,W,0,,12.9,459,100000
Air,,Tl2I2O2-FeOCl-x,MgO,W,0,,16.6,198,100000
Air,,Tl2I2O2-FeOCl-x,HfO2,W,0,,16.3,107,100000
Air,,Tl2I2O2-FeOCl-x,HfO2,W,0,,6.1,107,100000
Air,,Tl2I2O2-FeOCl-x,HfO2,W,0,,7.0,477,100000
Air,,Tl2I2O2-FeOCl-x,GaNe,Pt,0,,3.7,197,100000
Air,,Tl2I2O2-FeOCl-x,GaNe,Pt,0,,1.2,197,100000
Air,,Tl2I2O2-FeOCl-x,GaNe,Pt,0,,10.2,105,100000
Air,,Tl2I2O2-FeOCl-x,GaNe,Pt,0,,8.6,475,100000
Air,,Tl2I2O2-FeOCl-x,GaNe,Pt,0,,17.1,475,100000
Air,,Tl2I2O2-FeOCl-x,TiO2e,Ge,0,,6.4,147,100000
Air,,Tl2I2O2-FeOCl-x,TiO2e,Ge,0,,8.8,147,100000
Air,,Tl2I2O2-FeOCl-x,TiO2e,Ge,0,,8.8,147,100000
Air,,Tl2I2O2-FeOCl-x,MgO,Ge,0,,9.6,78,100000
Air,,Tl2I2O2-FeOCl-x,Al2O3e,Ge,0,,11.5,500,100000
Air,,Tl2I2O2-FeOCl-x,BaF2,Al,0,,4.0,319,100000
Air,,Tl2I2O2-FeOCl-x,Al2O3e,Al,0,,4.6,437,100000
Air,,Tl2I2O2-FeOCl-x,Al2O3e,Al,0,,11.5,398,100000
Air,,Tl2I2O2-FeOCl-x,Al2O3e,Al,0,,6.8,398,100000
Air,,Tl2I2O2-FeOCl-x,,Al,0,,1.6,,100000
Air,,Tl2I2O2-FeOCl-x,,Pt,0,,10.4,,100000
Air,,Tl2I2O2-FeOCl-x,,Pt,0,,19.2,,100000
Air,,Tl2I2O2-FeOCl-x,GaNe,Pt,0,,13.3,371,100000
Air,,Tl2I2O2-FeOCl-x,,Pt,0,,5.5,,100000
Air,,Tl2I2O2-FeOCl-x,Al2O3e,Pt,0,,4.9,263,100000
Air,,Tl2I2O2-FeOCl-x,,Ag,0,,16.1,,100000
Air,,Tl2I2O2-FeOCl-x,,Ag,0,,5.6,,100000
Air,,Tl2I2O2-FeOCl-x,,Ag,0,,17.8,,100000
Air,,Tl2I2O2-FeOCl-x,,Ag,0,,0.7,,100000
Air,,Tl2I2O2-FeOCl-x,Al2O3e,Ag,0,,14.3,495,100000
Air,,Tl2I2O2-FeOCl-x,TiO2e,Al,0,,1.7,189,100000
Air,,Tl2I2O2-FeOCl-x,Al2O3e,Al,0,,15.2,431,100000
Air,,Tl2I2O2-FeOCl-x,Al2O3e,Al,0,,6.9,404,100000
Air,,Tl2I2O2-FeOCl-x,Al2O3e,Al,0,,19.0,131,100000
Air,,Tl2I2O2-FeOCl-x,Al2O3e,Al,0,,14.5,454,100000
Air,,Tl2I2O2-FeOCl-x,,Pd,0,,9.6,,100000
Air,,Tl2I2O2-FeOCl-x,,Pd,0,,1.6,,100000
Air,,Tl2I2O2-FeOCl-x,,Pd,0,,7.7,,100000
Air,,Tl2I2O2-FeOCl-x,BaF2,Pd,0,,11.8,368,100000
Air,,Tl2I2O2-FeOCl-x,BaF2,Pd,0,,11.3,307,100000
Air,,Tl2I2O2-FeOCl-x,,Al,0,,14.1,,100000
Air,,Tl2I2O2-FeOCl-x,,Al,0,,17.0,,100000
Air,,Tl2I2O2-FeOCl-x,,Al,0,,13.8,,100000
Air,,Tl2I2O2-FeOCl-x,BaF2,Al,0,,0.5,109,100000
Air,,Tl2I2O2-FeOCl-x,BaF2,Al,0,,6.0,109,100000
Air,,Tl2I2O2-FeOCl-x,,Pd,0,,12.4,,100000
Air,,Tl2I2O2-FeOCl-x,,Pd,0,,14.3,,100000
Air,,Tl2I2O2-FeOCl-x,Al2O3e,Pd,0,,8.7,332,100000
Air,,Tl2I2O2-FeOCl-x,Al2O3e,Pd,0,,18.1,332,100000
Air,,Tl2I2O2-FeOCl-x,Al2O3e,Pd,0,,0.3,75,100000
Air,,Tl2I2O2-FeOCl-x,BaF2,Pt,0,,16.4,240,100000
Air,,Tl2I2O2-FeOCl-x,GaNe,Pt,0,,6.4,16,100000
Air,,Tl2I2O2-FeOCl-x,TiO2e,Pt,0,,17.9,238,100000
Air,,Tl2I2O2-FeOCl-x,,Pt,0,,9.8,,100000
Air,,Tl2I2O2-FeOCl-x,HfO2,Pt,0,,6.8,166,100000
Air,,Tl2I2O2-FeOCl-x,Al2O3e,Graphite,0,,7.6,21,100000
Air,,Tl2I2O2-FeOCl-x,Al2O3e,Graphite,0,,0.9,377,100000
Air,,Tl2I2O2-FeOCl-x,Al2O3e,Graphite,0,,14.1,377,100000
Air,,Tl2I2O2-FeOCl-x,Al2O3e,Graphite,0,,6.7,415,100000
Air,,Tl2I2O2-FeOCl-x,Al2O3e,Graphite,0,,17.8,346,100000
Air,,Tl2I2O2-FeOCl-x,GaNe,Al,0,,7.1,328,100000
Air,,Tl2I2O2-FeOCl-x,GaNe,Al,0,,6.8,54,100000
Air,,Tl2I2O2-FeOCl-x,GaNe,Al,0,,5.8,449,100000
Air,,Tl2I2O2-FeOCl-x,GaNe,Al,0,,0.4,83,100000
Air,,Tl2I2O2-FeOCl-x,GaNe,Al,0,,14.8,403,100000
Air,,Tl2I2O2-FeOCl-x,,Ag,0,,12.4,,100000
Air,,Tl2I2O2-FeOCl-x,HfO2,Ag,0,,5.1,371,100000
Air,,Tl2I2O2-FeOCl-x,MgO,Ag,0,,15.6,27,100000
Air,,Tl2I2O2-FeOCl-x,MgO,Ag,0,,11.4,277,100000
Air,,Tl2I2O2-FeOCl-x,SiO2e,Ag,0,,8.0,77,100000
Air,,Tl2I2O2-FeOCl-x,HfO2,Ge,0,,14.1,278,100000
Air,,Tl2I2O2-FeOCl-x,HfO2,Ge,0,,17.6,177,100000
Air,,Tl2I2O2-FeOCl-x,BaF2,Ge,0,,18.2,305,100000
Air,,Tl2I2O2-FeOCl-x,BaF2,Ge,0,,13.2,305,100000
Air,,Tl2I2O2-FeOCl-x,BaF2,Ge,0,,17.5,305,100000
Air,,Tl2I2O2-FeOCl-x,,Graphite,0,,19.2,,100000
Air,,Tl2I2O2-FeOCl-x,Al2O3e,Graphite,0,,14.1,84,100000
Air,,Tl2I2O2-FeOCl-x,Al2O3e,Graphite,0,,3.0,448,100000
Air,,Tl2I2O2-FeOCl-x,Al2O3e,Graphite,0,,6.0,430,100000
Air,,Tl2I2O2-FeOCl-x,Al2O3e,Graphite,0,,13.2,430,100000
Air,,Tl2I2O2-FeOCl-x,TiO2e,Ag,0,,11.9,486,100000
Air,,Tl2I2O2-FeOCl-x,TiO2e,Ag,0,,11.2,140,100000
Air,,Tl2I2O2-FeOCl-x,TiO2e,Ag,0,,15.5,42,100000
Air,,Tl2I2O2-FeOCl-x,GaNe,Ag,0,,16.5,355,100000
Air,,Tl2I2O2-FeOCl-x,GaNe,Ag,0,,5.7,237,100000
Air,,Tl2I2O2-FeOCl-x,TiO2e,Pd,0,,14.0,382,100000
Air,,Tl2I2O2-FeOCl-x,TiO2e,Pd,0,,17.6,382,100000
Air,,Tl2I2O2-FeOCl-x,TiO2e,Pd,0,,10.3,425,100000
Air,,Tl2I2O2-FeOCl-x,,Pd,0,,14.1,,100000
Air,,Tl2I2O2-FeOCl-x,,Pd,0,,7.7,,100000
Air,,Tl2I2O2-FeOCl-x,BaF2,Ag,0,,17.1,360,100000
Air,,Tl2I2O2-FeOCl-x,BaF2,Ag,0,,17.7,67,100000
Air,,Tl2I2O2-FeOCl-x,HfO2,Ag,0,,7.1,353,100000
Air,,Tl2I2O2-FeOCl-x,HfO2,Ag,0,,12.9,353,100000
Air,,Tl2I2O2-FeOCl-x,HfO2,Ag,0,,14.3,353,100000
Air,,Tl2I2O2-FeOCl-x,BaF2,Ag,0,,20.0,133,100000
Air,,Tl2I2O2-FeOCl-x,HfO2,Ag,0,,16.9,315,100000
Air,,Tl2I2O2-FeOCl-x,HfO2,Ag,0,,9.9,315,100000
Air,,Tl2I2O2-FeOCl-x,BaF2,Ag,0,,15.8,217,100000
Air,,Tl2I2O2-FeOCl-x,BaF2,Ag,0,,15.4,217,100000
Air,,Tl2I2O2-FeOCl-x,,Pd,0,,10.7,,100000
Air,,Tl2I2O2-FeOCl-x,,Pd,0,,13.8,,100000
Air,,Tl2I2O2-FeOCl-x,HfO2,Pd,0,,17.2,446,100000
Air,,Tl2I2O2-FeOCl-x,HfO2,Pd,0,,16.6,217,100000
Air,,Tl2I2O2-FeOCl-x,HfO2,Pd,0,,17.1,252,100000
Air,,Tl2I2O2-FeOCl-x,MgO,Ag,0,,9.2,261,100000
Air,,Tl2I2O2-FeOCl-x,SiO2e,Ag,0,,10.9,499,100000
Air,,Tl2I2O2-FeOCl-x,SiO2e,Ag,0,,8.9,313,100000
Air,,Tl2I2O2-FeOCl-x,SiO2e,Ag,0,,5.9,313,100000
Air,,Tl2I2O2-FeOCl-x,SiO2e,Ag,0,,2.0,313,100000
Air,,Tl2I2O2-FeOCl-x,HfO2,Ge,0,,16.0,426,100000
Air,,Tl2I2O2-FeOCl-x,,Ge,0,,19.5,,100000
Air,,Tl2I2O2-FeOCl-x,,Ge,0,,7.8,,100000
Air,,Tl2I2O2-FeOCl-x,,Ge,0,,12.4,,100000
Air,,Tl2I2O2-FeOCl-x,MgO,Ge,0,,13.7,129,100000
Air,,Tl2I2O2-FeOCl-x,GaNe,Graphite,0,,3.5,479,100000
Air,,Tl2I2O2-FeOCl-x,GaNe,Graphite,0,,1.8,318,100000
Air,,Tl2I2O2-FeOCl-x,GaNe,Graphite,0,,5.4,269,100000
Air,,C2O2Sc3-Y-x,MgO,Graphite,0,,4.7,160,100000
Air,,C2O2Sc3-Y-x,TiO2e,Graphite,0,,7.0,236,100000
Air,,C2O2Sc3-Y-x,,Au,0,,17.4,,100000
Air,,C2O2Sc3-Y-x,,Au,0,,4.7,,100000
Air,,C2O2Sc3-Y-x,,Au,0,,14.2,,100000
Air,,C2O2Sc3-Y-x,,Au,0,,6.4,,100000
Air,,C2O2Sc3-Y-x,,Au,0,,0.7,,100000
Air,,C2O2Sc3-Y-x,BaF2,Pt,0,,5.9,19,100000
Air,,C2O2Sc3-Y-x,BaF2,Pt,0,,17.6,339,100000
Air,,C2O2Sc3-Y-x,BaF2,Pt,0,,17.9,339,100000
Air,,C2O2Sc3-Y-x,BaF2,Pt,0,,2.0,339,100000
Air,,C2O2Sc3-Y-x,BaF2,Pt,0,,14.6,285,100000
Air,,C2O2Sc3-Y-x,HfO2,W,0,,8.8,449,100000
Air,,C2O2Sc3-Y-x,HfO2,W,0,,19.1,155,100000
Air,,C2O2Sc3-Y-x,HfO2,W,0,,3.1,424,100000
Air,,C2O2Sc3-Y-x,HfO2,W,0,,2.2,168,100000
Air,,C2O2Sc3-Y-x,HfO2,W,0,,9.5,101,100000
Air,,C2O2Sc3-Y-x,Al2O3e,Graphite,0,,0.6,70,100000
Air,,C2O2Sc3-Y-x,Al2O3e,Graphite,0,,17.5,70,100000
Air,,C2O2Sc3-Y-x,Al2O3e,Graphite,0,,2.1,70,100000
Air,,C2O2Sc3-Y-x,Al2O3e,Graphite,0,,15.3,400,100000
Air,,C2O2Sc3-Y-x,Al2O3e,Graphite,0,,13.3,239,100000
Air,,C2O2Sc3-Y-x,MgO,Graphite,0,,10.6,465,100000
Air,,C2O2Sc3-Y-x,MgO,Graphite,0,,11.5,113,100000
Air,,C2O2Sc3-Y-x,Al2O3e,Graphite,0,,15.6,482,100000
Air,,C2O2Sc3-Y-x,,Graphite,0,,1.3,,100000
Air,,C2O2Sc3-Y-x,,Graphite,0,,4.4,,100000
Air,,C2O2Sc3-Y-x,HfO2,W,0,,20.0,34,100000
Air,,C2O2Sc3-Y-x,,W,0,,3.6,,100000
Air,,C2O2Sc3-Y-x,,W,0,,5.6,,100000
Air,,C2O2Sc3-Y-x,,W,0,,15.2,,100000
Air,,C2O2Sc3-Y-x,,W,0,,8.0,,100000
Air,,C2O2Sc3-Y-x,TiO2e,Au,0,,5.0,178,100000
Air,,C2O2Sc3-Y-x,MgO,Au,0,,11.3,444,100000
Air,,C2O2Sc3-Y-x,MgO,Au,0,,13.0,444,100000
Air,,C2O2Sc3-Y-x,GaNe,Au,0,,6.0,405,100000
Air,,C2O2Sc3-Y-x,GaNe,Au,0,,7.6,34,100000
Air,,C2O2Sc3-Y-x,BaF2,W,0,,16.1,238,100000
Air,,C2O2Sc3-Y-x,GaNe,W,0,,12.2,368,100000
Air,,C2O2Sc3-Y-x,GaNe,W,0,,18.1,368,100000
Air,,C2O2Sc3-Y-x,MgO,W,0,,6.6,277,100000
Air,,C2O2Sc3-Y-x,MgO,W,0,,16.6,477,100000
Air,,C2O2Sc3-Y-x,MgO,Pt,0,,4.3,285,100000
Air,,C2O2Sc3-Y-x,HfO2,Pt,0,,8.0,183,100000
Air,,C2O2Sc3-Y-x,Al2O3e,Pt,0,,18.7,216,100000
Air,,C2O2Sc3-Y-x,Al2O3e,Pt,0,,18.2,216,100000
Air,,C2O2Sc3-Y-x,TiO2e,Pt,0,,17.4,215,100000
Air,,C2O2Sc3-Y-x,,Au,0,,17.2,,100000
Air,,C2O2Sc3-Y-x,SiO2e,Au,0,,3.2,303,100000
Air,,C2O2Sc3-Y-x,SiO2e,Au,0,,9.3,190,100000
Air,,C2O2Sc3-Y-x,SiO2e,Au,0,,0.9,190,100000
Air,,C2O2Sc3-Y-x,SiO2e,Au,0,,4.3,190,100000
Air,,C2O2Sc3-Y-x,BaF2,Pd,0,,14.1,338,100000
Air,,C2O2Sc3-Y-x,BaF2,Pd,0,,14.9,418,100000
Air,,C2O2Sc3-Y-x,BaF2,Pd,0,,10.2,418,100000
Air,,C2O2Sc3-Y-x,BaF2,Pd,0,,18.8,34,100000
Air,,C2O2Sc3-Y-x,,Pd,0,,7.9,,100000
Air,,C2O2Sc3-Y-x,TiO2e,Pt,0,,11.1,484,100000
Air,,C2O2Sc3-Y-x,TiO2e,Pt,0,,18.7,484,100000
Air,,C2O2Sc3-Y-x,GaNe,Pt,0,,13.3,184,100000
Air,,C2O2Sc3-Y-x,MgO,Pt,0,,11.8,433,100000
Air,,C2O2Sc3-Y-x,MgO,Pt,0,,8.2,433,100000
Air,,C2O2Sc3-Y-x,BaF2,Al,0,,0.7,381,100000
Air,,C2O2Sc3-Y-x,,Al,0,,18.2,,100000
Air,,C2O2Sc3-Y-x,GaNe,Al,0,,15.9,417,100000
Air,,C2O2Sc3-Y-x,HfO2,Al,0,,7.3,455,100000
Air,,C2O2Sc3-Y-x,SiO2e,Al,0,,12.7,170,100000
Air,,C2O2Sc3-Y-x,,Ge,0,,20.0,,100000
Air,,C2O2Sc3-Y-x,GaNe,Ge,0,,14.8,497,100000
Air,,C2O2Sc3-Y-x,,Ge,0,,10.1,,100000
Air,,C2O2Sc3-Y-x,GaNe,Ge,0,,18.3,101,100000
Air,,C2O2Sc3-Y-x,GaNe,Ge,0,,16.7,283,100000
Air,,C2O2Sc3-Y-x,Al2O3e,Ge,0,,8.4,343,100000
Air,,C2O2Sc3-Y-x,Al2O3e,Ge,0,,11.3,343,100000
Air,,C2O2Sc3-Y-x,MgO,Ge,0,,11.1,64,100000
Air,,C2O2Sc3-Y-x,GaNe,Ge,0,,14.1,185,100000
Air,,C2O2Sc3-Y-x,GaNe,Ge,0,,7.1,120,100000
Air,,C2O2Sc3-Y-x,,Ge,0,,1.7,,100000
Air,,C2O2Sc3-Y-x,,Ge,0,,13.2,,100000
Air,,C2O2Sc3-Y-x,HfO2,Ge,0,,6.7,285,100000
Air,,C2O2Sc3-Y-x,HfO2,Ge,0,,8.8,285,100000
Air,,C2O2Sc3-Y-x,,Ge,0,,4.3,,100000
Air,,C2O2Sc3-Y-x,TiO2e,Si,0,,1.3,437,100000
Air,,C2O2Sc3-Y-x,TiO2e,Si,0,,9.0,333,100000
Air,,C2O2Sc3-Y-x,TiO2e,Si,0,,14.8,16,100000
Air,,C2O2Sc3-Y-x,HfO2,Si,0,,13.5,275,100000
Air,,C2O2Sc3-Y-x,HfO2,Si,0,,7.9,275,100000
Air,,C2O2Sc3-Y-x,TiO2e,Graphite,0,,12.0,52,100000
Air,,C2O2Sc3-Y-x,TiO2e,Graphite,0,,16.6,128,100000
Air,,C2O2Sc3-Y-x,SiO2e,Graphite,0,,3.4,371,100000
Air,,C2O2Sc3-Y-x,GaNe,Graphite,0,,19.3,263,100000
Air,,C2O2Sc3-Y-x,GaNe,Graphite,0,,14.7,263,100000
Air,,C2O2Sc3-Y-x,GaNe,Pd,0,,18.7,311,100000
Air,,C2O2Sc3-Y-x,HfO2,Pd,0,,1.5,444,100000
Air,,C2O2Sc3-Y-x,HfO2,Pd,0,,8.1,444,100000
Air,,C2O2Sc3-Y-x,TiO2e,Pd,0,,2.3,99,100000
Air,,C2O2Sc3-Y-x,,Pd,0,,6.8,,100000
Air,,C2O2Sc3-Y-x,Al2O3e,Si,0,,10.1,282,100000
Air,,C2O2Sc3-Y-x,Al2O3e,Si,0,,14.5,282,100000
Air,,C2O2Sc3-Y-x,BaF2,Si,0,,11.5,13,100000
Air,,C2O2Sc3-Y-x,,Si,0,,11.6,,100000
Air,,C2O2Sc3-Y-x,BaF2,Si,0,,1.5,348,100000
Air,,C2O2Sc3-Y-x,,Graphite,0,,6.3,,100000
Air,,C2O2Sc3-Y-x,,Graphite,0,,16.6,,100000
Air,,C2O2Sc3-Y-x,BaF2,Graphite,0,,9.8,109,100000
Air,,C2O2Sc3-Y-x,BaF2,Graphite,0,,4.3,109,100000
Air,,C2O2Sc3-Y-x,GaNe,Graphite,0,,1.6,496,100000
Air,,C2O2Sc3-Y-x,HfO2,Ge,0,,2.0,92,100000
Air,,C2O2Sc3-Y-x,HfO2,Ge,0,,11.1,327,100000
Air,,C2O2Sc3-Y-x,HfO2,Ge,0,,13.7,327,100000
Air,,C2O2Sc3-Y-x,HfO2,Ge,0,,14.8,193,100000
Air,,C2O2Sc3-Y-x,HfO2,Ge,0,,11.4,193,100000
Air,,C2O2Sc3-Y-x,MgO,W,0,,19.0,404,100000
Air,,C2O2Sc3-Y-x,MgO,W,0,,18.9,174,100000
Air,,C2O2Sc3-Y-x,HfO2,W,0,,12.5,79,100000
Air,,C2O2Sc3-Y-x,GaNe,W,0,,1.2,175,100000
Air,,C2O2Sc3-Y-x,TiO2e,W,0,,4.3,369,100000
Air,,C2O2Sc3-Y-x,GaNe,Pd,0,,9.4,181,100000
Air,,C2O2Sc3-Y-x,HfO2,Pd,0,,8.4,189,100000
Air,,C2O2Sc3-Y-x,HfO2,Pd,0,,16.8,210,100000
Air,,C2O2Sc3-Y-x,,Pd,0,,6.8,,100000
Air,,C2O2Sc3-Y-x,,Pd,0,,2.7,,100000
Air,,C2O2Sc3-Y-x,MgO,Si,0,,15.4,477,100000
Air,,C2O2Sc3-Y-x,MgO,Si,0,,9.0,85,100000
Air,,C2O2Sc3-Y-x,MgO,Si,0,,19.7,85,100000
Air,,C2O2Sc3-Y-x,MgO,Si,0,,4.8,379,100000
Air,,C2O2Sc3-Y-x,TiO2e,Si,0,,11.4,340,100000
Air,,C2O2Sc3-Y-x,GaNe,Pt,0,,10.3,365,100000
Air,,C2O2Sc3-Y-x,,Pt,0,,17.3,,100000
Air,,C2O2Sc3-Y-x,GaNe,Pt,0,,17.3,476,100000
Air,,C2O2Sc3-Y-x,,Pt,0,,11.5,,100000
Air,,C2O2Sc3-Y-x,TiO2e,Pt,0,,6.5,128,100000
Air,,C2O2Sc3-Y-x,HfO2,W,0,,0.1,305,100000
Air,,C2O2Sc3-Y-x,HfO2,W,0,,16.8,56,100000
Air,,C2O2Sc3-Y-x,HfO2,W,0,,5.6,56,100000
Air,,C2O2Sc3-Y-x,HfO2,W,0,,10.2,56,100000
Air,,C2O2Sc3-Y-x,,W,0,,4.3,,100000
Air,,C2O2Sc3-Y-x,GaNe,Au,0,,16.1,22,100000
Air,,C2O2Sc3-Y-x,HfO2,Au,0,,16.4,448,100000
Air,,C2O2Sc3-Y-x,,Au,0,,10.1,,100000
Air,,C2O2Sc3-Y-x,,Au,0,,2.2,,100000
Air,,C2O2Sc3-Y-x,TiO2e,Au,0,,6.0,340,100000
Air,,C2O2Sc3-Y-x,Al2O3e,Pt,0,,6.7,452,100000
Air,,NiH2-MoH2-x,HfO2,Pt,0,,14.3,127,100000
Air,,NiH2-MoH2-x,HfO2,Pt,0,,1.9,344,100000
Air,,NiH2-MoH2-x,HfO2,Pt,0,,19.8,344,100000
Air,,NiH2-MoH2-x,HfO2,Pt,0,,20.0,344,100000
Air,,NiH2-MoH2-x,TiO2e,Pd,0,,15.6,64,100000
Air,,NiH2-MoH2-x,TiO2e,Pd,0,,4.9,64,100000
Air,,NiH2-MoH2-x,TiO2e,Pd,0,,5.6,487,100000
Air,,NiH2-MoH2-x,TiO2e,Pd,0,,1.4,487,100000
Air,,NiH2-MoH2-x,TiO2e,Pd,0,,16.9,487,100000
Air,,NiH2-MoH2-x,SiO2e,Si,0,,0.4,325,100000
Air,,NiH2-MoH2-x,,Si,0,,1.5,,100000
Air,,NiH2-MoH2-x,,Si,0,,2.7,,100000
Air,,NiH2-MoH2-x,SiO2e,Si,0,,17.1,493,100000
Air,,NiH2-MoH2-x,SiO2e,Si,0,,8.3,271,100000
Air,,NiH2-MoH2-x,,Pt,0,,4.7,,100000
Air,,NiH2-MoH2-x,,Pt,0,,6.7,,100000
Air,,NiH2-MoH2-x,SiO2e,Pt,0,,15.8,78,100000
Air,,NiH2-MoH2-x,SiO2e,Pt,0,,6.1,150,100000
Air,,NiH2-MoH2-x,SiO2e,Pt,0,,3.8,150,100000
Air,,NiH2-MoH2-x,,Pt,0,,10.0,,100000
Air,,NiH2-MoH2-x,,Pt,0,,0.8,,100000
Air,,NiH2-MoH2-x,Al2O3e,Pt,0,,8.4,260,100000
Air,,NiH2-MoH2-x,Al2O3e,Pt,0,,2.0,260,100000
Air,,NiH2-MoH2-x,Al2O3e,Pt,0,,7.8,260,100000
Air,,NiH2-MoH2-x,TiO2e,Si,0,,14.1,447,100000
Air,,NiH2-MoH2-x,,Si,0,,10.7,,100000
Air,,NiH2-MoH2-x,,Si,0,,0.6,,100000
Air,,NiH2-MoH2-x,MgO,Si,0,,9.4,80,100000
Air,,NiH2-MoH2-x,,Si,0,,9.5,,100000
Air,,NiH2-MoH2-x,HfO2,W,0,,1.9,99,100000
Air,,NiH2-MoH2-x,HfO2,W,0,,9.3,99,100000
Air,,NiH2-MoH2-x,HfO2,W,0,,6.1,99,100000
Air,,NiH2-MoH2-x,HfO2,W,0,,6.1,99,100000
Air,,NiH2-MoH2-x,Al2O3e,W,0,,11.5,155,100000
Air,,NiH2-MoH2-x,,Ge,0,,20.0,,100000
Air,,NiH2-MoH2-x,,Ge,0,,5.9,,100000
Air,,NiH2-MoH2-x,,Ge,0,,2.1,,100000
Air,,NiH2-MoH2-x,,Ge,0,,17.2,,100000
Air,,NiH2-MoH2-x,TiO2e,Ge,0,,10.5,297,100000
Air,,NiH2-MoH2-x,,W,0,,7.0,,100000
Air,,NiH2-MoH2-x,,W,0,,11.2,,100000
Air,,NiH2-MoH2-x,SiO2e,W,0,,13.1,43,100000
Air,,NiH2-MoH2-x,SiO2e,W,0,,10.1,43,100000
Air,,NiH2-MoH2-x,SiO2e,W,0,,15.0,43,100000
Air,,NiH2-MoH2-x,HfO2,Graphite,0,,4.2,168,100000
Air,,NiH2-MoH2-x,HfO2,Graphite,0,,6.4,404,100000
Air,,NiH2-MoH2-x,TiO2e,Graphite,0,,1.6,66,100000
Air,,NiH2-MoH2-x,SiO2e,Graphite,0,,19.7,346,100000
Air,,NiH2-MoH2-x,Al2O3e,Graphite,0,,9.9,130,100000
Air,,NiH2-MoH2-x,GaNe,W,0,,15.5,211,100000
Air,,NiH2-MoH2-x,GaNe,W,0,,7.2,211,100000
Air,,NiH2-MoH2-x,GaNe,W,0,,14.0,211,100000
Air,,NiH2-MoH2-x,GaNe,W,0,,12.1,211,100000
Air,,NiH2-MoH2-x,GaNe,W,0,,8.7,333,100000
Air,,NiH2-MoH2-x,,Au,0,,1.5,,100000
Air,,NiH2-MoH2-x,,Au,0,,10.4,,100000
Air,,NiH2-MoH2-x,Al2O3e,Au,0,,17.1,108,100000
Air,,NiH2-MoH2-x,,Au,0,,3.4,,100000
Air,,NiH2-MoH2-x,,Au,0,,9.6,,100000
Air,,NiH2-MoH2-x,GaNe,Graphite,0,,18.2,260,100000
Air,,NiH2-MoH2-x,BaF2,Graphite,0,,8.6,147,100000
Air,,NiH2-MoH2-x,BaF2,Graphite,0,,15.7,355,100000
Air,,NiH2-MoH2-x,,Graphite,0,,5.9,,100000
Air,,NiH2-MoH2-x,,Graphite,0,,18.8,,100000
Air,,NiH2-MoH2-x,BaF2,Al,0,,1.7,324,100000
Air,,NiH2-MoH2-x,BaF2,Al,0,,11.0,434,100000
Air,,NiH2-MoH2-x,,Al,0,,13.7,,100000
Air,,NiH2-MoH2-x,,Al,0,,10.5,,100000
Air,,NiH2-MoH2-x,MgO,Al,0,,18.3,119,100000
Air,,NiH2-MoH2-x,,Al,0,,11.1,,100000
Air,,NiH2-MoH2-x,MgO,Al,0,,5.1,331,100000
Air,,NiH2-MoH2-x,,Al,0,,5.1,,100000
Air,,NiH2-MoH2-x,,Al,0,,9.1,,100000
Air,,NiH2-MoH2-x,Al2O3e,Al,0,,11.5,264,100000
Air,,NiH2-MoH2-x,MgO,W,0,,8.0,244,100000
Air,,NiH2-MoH2-x,MgO,W,0,,3.8,244,100000
Air,,NiH2-MoH2-x,GaNe,W,0,,6.6,355,100000
Air,,NiH2-MoH2-x,,W,0,,10.8,,100000
Air,,NiH2-MoH2-x,BaF2,W,0,,1.9,273,100000
Air,,NiH2-MoH2-x,MgO,Si,0,,0.3,49,100000
Air,,NiH2-MoH2-x,MgO,Si,0,,3.6,49,100000
Air,,NiH2-MoH2-x,MgO,Si,0,,9.5,131,100000
Air,,NiH2-MoH2-x,TiO2e,Si,0,,15.5,84,100000
Air,,NiH2-MoH2-x,SiO2e,Si,0,,5.5,136,100000
Air,,NiH2-MoH2-x,,Al,0,,0.2,,100000
Air,,NiH2-MoH2-x,SiO2e,Al,0,,13.5,233,100000
Air,,NiH2-MoH2-x,SiO2e,Al,0,,12.4,233,100000
Air,,NiH2-MoH2-x,SiO2e,Al,0,,16.9,317,100000
Air,,NiH2-MoH2-x,SiO2e,Al,0,,6.5,317,100000
Air,,NiH2-MoH2-x,Al2O3e,Ge,0,,3.7,92,100000
Air,,NiH2-MoH2-x,Al2O3e,Ge,0,,15.4,92,100000
Air,,NiH2-MoH2-x,GaNe,Ge,0,,9.2,439,100000
Air,,NiH2-MoH2-x,GaNe,Ge,0,,14.4,288,100000
Air,,NiH2-MoH2-x,GaNe,Ge,0,,4.2,288,100000
Air,,NiH2-MoH2-x,GaNe,Ge,0,,0.6,497,100000
Air,,NiH2-MoH2-x,TiO2e,Ge,0,,1.5,206,100000
Air,,NiH2-MoH2-x,TiO2e,Ge,0,,12.8,206,100000
Air,,NiH2-MoH2-x,TiO2e,Ge,0,,16.8,206,100000
Air,,NiH2-MoH2-x,TiO2e,Ge,0,,2.9,206,100000
Air,,NiH2-MoH2-x,,W,0,,6.9,,100000
Air,,NiH2-MoH2-x,GaNe,W,0,,5.2,484,100000
Air,,NiH2-MoH2-x,,W,0,,1.8,,100000
Air,,NiH2-MoH2-x,,W,0,,10.8,,100000
Air,,NiH2-MoH2-x,,W,0,,17.0,,100000
Air,,NiH2-MoH2-x,MgO,Si,0,,8.9,30,100000
Air,,NiH2-MoH2-x,MgO,Si,0,,5.7,30,100000
Air,,NiH2-MoH2-x,MgO,Si,0,,18.9,305,100000
Air,,NiH2-MoH2-x,MgO,Si,0,,1.7,202,100000
Air,,NiH2-MoH2-x,MgO,Si,0,,10.4,41,100000
Air,,NiH2-MoH2-x,TiO2e,Si,0,,2.2,346,100000
Air,,NiH2-MoH2-x,,Si,0,,11.7,,100000
Air,,NiH2-MoH2-x,,Si,0,,12.6,,100000
Air,,NiH2-MoH2-x,,Si,0,,19.2,,100000
Air,,NiH2-MoH2-x,GaNe,Si,0,,11.1,472,100000
Air,,NiH2-MoH2-x,MgO,Si,0,,4.1,487,100000
Air,,NiH2-MoH2-x,TiO2e,Si,0,,6.4,234,100000
Air,,NiH2-MoH2-x,TiO2e,Si,0,,13.1,234,100000
Air,,NiH2-MoH2-x,TiO2e,Si,0,,19.4,381,100000
Air,,NiH2-MoH2-x,TiO2e,Si,0,,17.9,493,100000
Air,,NiH2-MoH2-x,MgO,Ge,0,,13.1,93,100000
Air,,NiH2-MoH2-x,MgO,Ge,0,,4.3,87,100000
Air,,NiH2-MoH2-x,MgO,Ge,0,,15.7,473,100000
Air,,NiH2-MoH2-x,MgO,Ge,0,,1.1,325,100000
Air,,NiH2-MoH2-x,,Ge,0,,0.6,,100000
Air,,NiH2-MoH2-x,,Graphite,0,,12.8,,100000
Air,,NiH2-MoH2-x,,Graphite,0,,20.0,,100000
Air,,NiH2-MoH2-x,SiO2e,Graphite,0,,7.8,343,100000
Air,,NiH2-MoH2-x,MgO,Graphite,0,,1.6,13,100000
Air,,NiH2-MoH2-x,MgO,Graphite,0,,9.9,13,100000
Air,,NiH2-MoH2-x,,Graphite,0,,14.0,,100000
Air,,NiH2-MoH2-x,,Graphite,0,,11.0,,100000
Air,,NiH2-MoH2-x,,Graphite,0,,19.6,,100000
Air,,NiH2-MoH2-x,,Graphite,0,,9.3,,100000
Air,,NiH2-MoH2-x,,Graphite,0,,3.3,,100000
Air,,NiH2-MoH2-x,SiO2e,Au,0,,12.4,466,100000
Air,,NiH2-MoH2-x,,Au,0,,16.7,,100000
Air,,NiH2-MoH2-x,,Au,0,,17.9,,100000
Air,,NiH2-MoH2-x,MgO,Au,0,,19.8,305,100000
Air,,NiH2-MoH2-x,,Au,0,,7.4,,100000
Air,,NiH2-MoH2-x,GaNe,Pt,0,,8.9,298,100000
Air,,NiH2-MoH2-x,,Pt,0,,1.0,,100000
Air,,NiH2-MoH2-x,,Pt,0,,17.1,,100000
Air,,Ge2S2-P4-x,,Pt,0,,16.0,,100000
Air,,Ge2S2-P4-x,,Pt,0,,13.9,,100000
Air,,Ge2S2-P4-x,GaNe,Pd,0,,6.5,358,100000
Air,,Ge2S2-P4-x,HfO2,Pd,0,,10.1,259,100000
Air,,Ge2S2-P4-x,HfO2,Pd,0,,2.0,72,100000
Air,,Ge2S2-P4-x,HfO2,Pd,0,,6.8,467,100000
Air,,Ge2S2-P4-x,MgO,Pd,0,,8.0,459,100000
Air,,Ge2S2-P4-x,,W,0,,18.5,,100000
Air,,Ge2S2-P4-x,,W,0,,8.6,,100000
Air,,Ge2S2-P4-x,HfO2,W,0,,5.2,170,100000
Air,,Ge2S2-P4-x,HfO2,W,0,,3.5,170,100000
Air,,Ge2S2-P4-x,BaF2,W,0,,9.2,61,100000
Air,,Ge2S2-P4-x,,Graphite,0,,3.1,,100000
Air,,Ge2S2-P4-x,,Graphite,0,,6.2,,100000
Air,,Ge2S2-P4-x,GaNe,Graphite,0,,10.4,366,100000
Air,,Ge2S2-P4-x,GaNe,Graphite,0,,19.8,366,100000
Air,,Ge2S2-P4-x,GaNe,Graphite,0,,17.1,366,100000
Air,,Ge2S2-P4-x,HfO2,Al,0,,4.4,346,100000
Air,,Ge2S2-P4-x,HfO2,Al,0,,10.2,346,100000
Air,,Ge2S2-P4-x,HfO2,Al,0,,14.8,107,100000
Air,,Ge2S2-P4-x,BaF2,Al,0,,5.0,181,100000
Air,,Ge2S2-P4-x,BaF2,Al,0,,12.3,472,100000
Air,,Ge2S2-P4-x,BaF2,Au,0,,8.5,452,100000
Air,,Ge2S2-P4-x,BaF2,Au,0,,7.3,88,100000
Air,,Ge2S2-P4-x,BaF2,Au,0,,2.9,88,100000
Air,,Ge2S2-P4-x,BaF2,Au,0,,14.1,88,100000
Air,,Ge2S2-P4-x,BaF2,Au,0,,9.9,34,100000
Air,,Ge2S2-P4-x,Al2O3e,Graphite,0,,9.4,20,100000
Air,,Ge2S2-P4-x,Al2O3e,Graphite,0,,1.7,20,100000
Air,,Ge2S2-P4-x,Al2O3e,Graphite,0,,10.4,259,100000
Air,,Ge2S2-P4-x,Al2O3e,Graphite,0,,2.1,259,100000
Air,,Ge2S2-P4-x,Al2O3e,Graphite,0,,6.3,357,100000
Air,,Ge2S2-P4-x,TiO2e,Pd,0,,12.4,456,100000
Air,,Ge2S2-P4-x,TiO2e,Pd,0,,19.4,76,100000
Air,,Ge2S2-P4-x,Al2O3e,Pd,0,,12.7,295,100000
Air,,Ge2S2-P4-x,Al2O3e,Pd,0,,11.2,336,100000
Air,,Ge2S2-P4-x,Al2O3e,Pd,0,,8.1,336,100000
Air,,Ge2S2-P4-x,HfO2,Au,0,,15.8,318,100000
Air,,Ge2S2-P4-x,GaNe,Au,0,,18.0,81,100000
Air,,Ge2S2-P4-x,Al2O3e,Au,0,,2.6,93,100000
Air,,Ge2S2-P4-x,,Au,0,,17.4,,100000
Air,,Ge2S2-P4-x,HfO2,Au,0,,1.6,493,100000
Air,,Ge2S2-P4-x,,Al,0,,1.0,,100000
Air,,Ge2S2-P4-x,HfO2,Al,0,,3.1,59,100000
Air,,Ge2S2-P4-x,HfO2,Al,0,,16.6,59,100000
Air,,Ge2S2-P4-x,HfO2,Al,0,,7.5,59,100000
Air,,Ge2S2-P4-x,,Al,0,,13.4,,100000
Air,,Ge2S2-P4-x,HfO2,W,0,,6.4,183,100000
Air,,Ge2S2-P4-x,HfO2,W,0,,12.8,183,100000
Air,,Ge2S2-P4-x,,W,0,,13.0,,100000
Air,,Ge2S2-P4-x,,W,0,,16.0,,100000
Air,,Ge2S2-P4-x,TiO2e,W,0,,18.8,429,100000
Air,,Ge2S2-P4-x,BaF2,W,0,,8.7,156,100000
Air,,Ge2S2-P4-x,,W,0,,0.9,,100000
Air,,Ge2S2-P4-x,Al2O3e,W,0,,13.0,329,100000
Air,,Ge2S2-P4-x,Al2O3e,W,0,,16.1,329,100000
Air,,Ge2S2-P4-x,MgO,W,0,,10.5,362,100000
Air,,Ge2S2-P4-x,,Ge,0,,1.6,,100000
Air,,Ge2S2-P4-x,GaNe,Ge,0,,4.3,441,100000
Air,,Ge2S2-P4-x,GaNe,Ge,0,,7.3,441,100000
Air,,Ge2S2-P4-x,,Ge,0,,5.7,,100000
Air,,Ge2S2-P4-x,,Ge,0,,12.0,,100000
Air,,Ge2S2-P4-x,,Al,0,,7.6,,100000
Air,,Ge2S2-P4-x,,Al,0,,18.4,,100000
Air,,Ge2S2-P4-x,TiO2e,Al,0,,17.7,229,100000
Air,,Ge2S2-P4-x,TiO2e,Al,0,,7.4,229,100000
Air,,Ge2S2-P4-x,GaNe,Al,0,,17.4,173,100000
Air,,Ge2S2-P4-x,BaF2,Pd,0,,6.9,217,100000
Air,,Ge2S2-P4-x,BaF2,Pd,0,,4.8,236,100000
Air,,Ge2S2-P4-x,BaF2,Pd,0,,3.8,185,100000
Air,,Ge2S2-P4-x,BaF2,Pd,0,,1.9,215,100000
Air,,Ge2S2-P4-x,,Pd,0,,5.2,,100000
Air,,Ge2S2-P4-x,BaF2,Graphite,0,,12.5,289,100000
Air,,Ge2S2-P4-x,BaF2,Graphite,0,,15.0,289,100000
Air,,Ge2S2-P4-x,Al2O3e,Graphite,0,,13.5,438,100000
Air,,Ge2S2-P4-x,Al2O3e,Graphite,0,,12.8,438,100000
Air,,Ge2S2-P4-x,TiO2e,Graphite,0,,2.6,499,100000
Air,,Ge2S2-P4-x,Al2O3e,Au,0,,1.4,283,100000
Air,,Ge2S2-P4-x,TiO2e,Au,0,,17.5,217,100000
Air,,Ge2S2-P4-x,TiO2e,Au,0,,6.0,217,100000
Air,,Ge2S2-P4-x,TiO2e,Au,0,,19.4,316,100000
Air,,Ge2S2-P4-x,TiO2e,Au,0,,12.0,414,100000
Air,,Ge2S2-P4-x,BaF2,Pd,0,,18.2,132,100000
Air,,Ge2S2-P4-x,BaF2,Pd,0,,8.0,132,100000
Air,,Ge2S2-P4-x,BaF2,Pd,0,,3.9,132,100000
Air,,Ge2S2-P4-x,BaF2,Pd,0,,3.5,174,100000
Air,,Ge2S2-P4-x,BaF2,Pd,0,,8.8,310,100000
Air,,Ge2S2-P4-x,,Graphite,0,,15.8,,100000
Air,,Ge2S2-P4-x,,Graphite,0,,15.4,,100000
Air,,Ge2S2-P4-x,,Graphite,0,,9.3,,100000
Air,,Ge2S2-P4-x,,Graphite,0,,2.6,,100000
Air,,Ge2S2-P4-x,,Graphite,0,,4.1,,100000
Air,,Ge2S2-P4-x,BaF2,Pt,0,,2.5,85,100000
Air,,Ge2S2-P4-x,Al2O3e,Pt,0,,14.8,450,100000
Air,,Ge2S2-P4-x,Al2O3e,Pt,0,,6.6,450,100000
Air,,Ge2S2-P4-x,SiO2e,Pt,0,,5.0,84,100000
Air,,Ge2S2-P4-x,,Pt,0,,3.1,,100000
Air,,Ge2S2-P4-x,TiO2e,Ge,0,,15.5,199,100000
Air,,Ge2S2-P4-x,TiO2e,Ge,0,,9.7,443,100000
Air,,Ge2S2-P4-x,TiO2e,Ge,0,,9.4,46,100000
Air,,Ge2S2-P4-x,Al2O3e,Ge,0,,19.6,363,100000
Air,,Ge2S2-P4-x,BaF2,Ge,0,,9.7,194,100000
Air,,Ge2S2-P4-x,,Ge,0,,12.2,,100000
Air,,Ge2S2-P4-x,,Ge,0,,4.7,,100000
Air,,Ge2S2-P4-x,,Ge,0,,13.5,,100000
Air,,Ge2S2-P4-x,,Ge,0,,4.7,,100000
Air,,Ge2S2-P4-x,HfO2,Ge,0,,16.7,121,100000
Air,,Ge2S2-P4-x,,Si,0,,10.1,,100000
Air,,Ge2S2-P4-x,,Si,0,,13.8,,100000
Air,,Ge2S2-P4-x,,Si,0,,18.4,,100000
Air,,Ge2S2-P4-x,SiO2e,Si,0,,10.6,459,100000
Air,,Ge2S2-P4-x,BaF2,Si,0,,1.9,469,100000
Air,,Ge2S2-P4-x,TiO2e,Ge,0,,9.3,474,100000
Air,,Ge2S2-P4-x,TiO2e,Ge,0,,16.1,474,100000
Air,,Ge2S2-P4-x,TiO2e,Ge,0,,18.3,21,100000
Air,,Ge2S2-P4-x,TiO2e,Ge,0,,4.1,21,100000
Air,,Ge2S2-P4-x,GaNe,Ge,0,,6.8,113,100000
Air,,Ge2S2-P4-x,,Pt,0,,8.3,,100000
Air,,Ge2S2-P4-x,,Pt,0,,0.9,,100000
Air,,Ge2S2-P4-x,,Pt,0,,14.8,,100000
Air,,Ge2S2-P4-x,HfO2,Pt,0,,17.5,500,100000
Air,,Ge2S2-P4-x,MgO,Pt,0,,10.4,385,100000
Air,,Ge2S2-P4-x,HfO2,W,0,,9.0,328,100000
Air,,Ge2S2-P4-x,TiO2e,W,0,,7.2,267,100000
Air,,Ge2S2-P4-x,Al2O3e,W,0,,15.3,366,100000
Air,,Ge2S2-P4-x,Al2O3e,W,0,,18.2,141,100000
Air,,Ge2S2-P4-x,Al2O3e,W,0,,14.8,141,100000
Air,,Ge2S2-P4-x,Al2O3e,Al,0,,4.5,428,100000
Air,,Ge2S2-P4-x,,Al,0,,18.4,,100000
Air,,Ge2S2-P4-x,,Al,0,,9.3,,100000
Air,,Ge2S2-P4-x,HfO2,Al,0,,11.1,193,100000
Air,,Ge2S2-P4-x,,Al,0,,11.8,,100000
Air,,Ge2S2-P4-x,,Graphite,0,,12.1,,100000
Air,,Ge2S2-P4-x,Al2O3e,Graphite,0,,15.1,379,100000
Air,,Ge2S2-P4-x,Al2O3e,Graphite,0,,19.0,482,100000
Air,,Ge2S2-P4-x,Al2O3e,Graphite,0,,5.5,45,100000
Air,,Ge2S2-P4-x,Al2O3e,Graphite,0,,14.5,333,100000
Air,,Ge2S2-P4-x,HfO2,Ge,0,,19.1,120,100000
Air,,Ge2S2-P4-x,GaNe,Ge,0,,2.7,435,100000
Air,,Ge2S2-P4-x,SiO2e,Ge,0,,12.2,81,100000
Air,,Ge2S2-P4-x,TiO2e,Ge,0,,8.6,334,100000
Air,,Ge2S2-P4-x,,Ge,0,,10.3,,100000
Air,,Ge2S2-P4-x,,Pd,0,,1.6,,100000
Air,,AsSI-BiTeI-x,SiO2e,Pd,0,,17.1,391,100000
Air,,AsSI-BiTeI-x,TiO2e,Pd,0,,17.4,385,100000
Air,,AsSI-BiTeI-x,,Pd,0,,0.5,,100000
Air,,AsSI-BiTeI-x,BaF2,Pd,0,,2.1,214,100000
Air,,AsSI-BiTeI-x,MgO,Al,0,,14.6,33,100000
Air,,AsSI-BiTeI-x,MgO,Al,0,,13.0,19,100000
Air,,AsSI-BiTeI-x,MgO,Al,0,,6.5,19,100000
Air,,AsSI-BiTeI-x,MgO,Al,0,,8.1,19,100000
Air,,AsSI-BiTeI-x,BaF2,Al,0,,16.9,53,100000
Air,,AsSI-BiTeI-x,TiO2e,Graphite,0,,15.8,14,100000
Air,,AsSI-BiTeI-x,TiO2e,Graphite,0,,3.2,111,100000
Air,,AsSI-BiTeI-x,TiO2e,Graphite,0,,10.4,111,100000
Air,,AsSI-BiTeI-x,GaNe,Graphite,0,,8.9,449,100000
Air,,AsSI-BiTeI-x,GaNe,Graphite,0,,12.4,29,100000
Air,,AsSI-BiTeI-x,MgO,Graphite,0,,9.4,282,100000
Air,,AsSI-BiTeI-x,,Graphite,0,,7.9,,100000
Air,,AsSI-BiTeI-x,HfO2,Graphite,0,,6.0,278,100000
Air,,AsSI-BiTeI-x,HfO2,Graphite,0,,0.2,278,100000
Air,,AsSI-BiTeI-x,TiO2e,Graphite,0,,11.2,463,100000
Air,,AsSI-BiTeI-x,BaF2,Al,0,,7.6,210,100000
Air,,AsSI-BiTeI-x,BaF2,Al,0,,16.6,210,100000
Air,,AsSI-BiTeI-x,HfO2,Al,0,,17.9,294,100000
Air,,AsSI-BiTeI-x,HfO2,Al,0,,4.0,150,100000
Air,,AsSI-BiTeI-x,Al2O3e,Al,0,,8.5,356,100000
Air,,AsSI-BiTeI-x,HfO2,Si,0,,9.0,273,100000
Air,,AsSI-BiTeI-x,TiO2e,Si,0,,1.8,238,100000
Air,,AsSI-BiTeI-x,TiO2e,Si,0,,8.0,157,100000
Air,,AsSI-BiTeI-x,TiO2e,Si,0,,7.2,157,100000
Air,,AsSI-BiTeI-x,TiO2e,Si,0,,0.1,437,100000
Air,,AsSI-BiTeI-x,,Al,0,,5.2,,100000
Air,,AsSI-BiTeI-x,Al2O3e,Al,0,,4.4,410,100000
Air,,AsSI-BiTeI-x,Al2O3e,Al,0,,12.0,187,100000
Air,,AsSI-BiTeI-x,BaF2,Al,0,,1.3,400,100000
Air,,AsSI-BiTeI-x,BaF2,Al,0,,4.6,400,100000
Air,,AsSI-BiTeI-x,GaNe,Au,0,,17.3,145,100000
Air,,AsSI-BiTeI-x,GaNe,Au,0,,1.8,258,100000
Air,,AsSI-BiTeI-x,GaNe,Au,0,,12.0,55,100000
Air,,AsSI-BiTeI-x,,Au,0,,13.3,,100000
Air,,AsSI-BiTeI-x,SiO2e,Au,0,,3.2,267,100000
Air,,AsSI-BiTeI-x,,Al,0,,11.4,,100000
Air,,AsSI-BiTeI-x,,Al,0,,4.5,,100000
Air,,AsSI-BiTeI-x,,Al,0,,10.1,,100000
Air,,AsSI-BiTeI-x,,Al,0,,4.2,,100000
Air,,AsSI-BiTeI-x,,Al,0,,19.7,,100000
Air,,AsSI-BiTeI-x,MgO,Si,0,,4.3,146,100000
Air,,AsSI-BiTeI-x,SiO2e,Si,0,,1.1,89,100000
Air,,AsSI-BiTeI-x,Al2O3e,Si,0,,19.3,376,100000
Air,,AsSI-BiTeI-x,,Si,0,,3.8,,100000
Air,,AsSI-BiTeI-x,,Si,0,,18.1,,100000
Air,,AsSI-BiTeI-x,Al2O3e,Pt,0,,18.3,12,100000
Air,,AsSI-BiTeI-x,TiO2e,Pt,0,,18.0,385,100000
Air,,AsSI-BiTeI-x,BaF2,Pt,0,,18.4,212,100000
Air,,AsSI-BiTeI-x,GaNe,Pt,0,,13.2,46,100000
Air,,AsSI-BiTeI-x,GaNe,Pt,0,,5.0,46,100000
Air,,AsSI-BiTeI-x,,Pt,0,,13.2,,100000
Air,,AsSI-BiTeI-x,GaNe,Pt,0,,6.3,414,100000
Air,,AsSI-BiTeI-x,SiO2e,Pt,0,,10.4,401,100000
Air,,AsSI-BiTeI-x,,Pt,0,,2.2,,100000
Air,,AsSI-BiTeI-x,,Pt,0,,0.4,,100000
Air,,AsSI-BiTeI-x,MgO,Si,0,,18.1,324,100000
Air,,AsSI-BiTeI-x,BaF2,Si,0,,18.7,114,100000
Air,,AsSI-BiTeI-x,GaNe,Si,0,,8.6,185,100000
Air,,AsSI-BiTeI-x,GaNe,Si,0,,9.9,206,100000
Air,,AsSI-BiTeI-x,HfO2,Si,0,,5.4,475,100000
Air,,AsSI-BiTeI-x,MgO,Graphite,0,,1.3,227,100000
Air,,AsSI-BiTeI-x,,Graphite,0,,5.4,,100000
Air,,AsSI-BiTeI-x,HfO2,Graphite,0,,3.6,357,100000
Air,,AsSI-BiTeI-x,HfO2,Graphite,0,,18.4,357,100000
Air,,AsSI-BiTeI-x,HfO2,Graphite,0,,2.4,357,100000
Air,,AsSI-BiTeI-x,,Au,0,,3.0,,100000
Air,,AsSI-BiTeI-x,,Au,0,,0.9,,100000
Air,,AsSI-BiTeI-x,,Au,0,,19.4,,100000
Air,,AsSI-BiTeI-x,,Au,0,,3.7,,100000
Air,,AsSI-BiTeI-x,,Au,0,,6.5,,100000
Air,,AsSI-BiTeI-x,TiO2e,Pd,0,,17.0,303,100000
Air,,AsSI-BiTeI-x,TiO2e,Pd,0,,17.8,28,100000
Air,,AsSI-BiTeI-x,Al2O3e,Pd,0,,11.8,410,100000
Air,,AsSI-BiTeI-x,,Pd,0,,4.9,,100000
Air,,AsSI-BiTeI-x,Al2O3e,Pd,0,,8.5,136,100000
Air,,AsSI-BiTeI-x,,Graphite,0,,1.2,,100000
Air,,AsSI-BiTeI-x,HfO2,Graphite,0,,15.0,429,100000
Air,,AsSI-BiTeI-x,HfO2,Graphite,0,,10.1,429,100000
Air,,AsSI-BiTeI-x,HfO2,Graphite,0,,2.7,429,100000
Air,,AsSI-BiTeI-x,SiO2e,Graphite,0,,3.3,238,100000
Air,,AsSI-BiTeI-x,SiO2e,Ag,0,,6.3,407,100000
Air,,AsSI-BiTeI-x,HfO2,Ag,0,,3.7,431,100000
Air,,AsSI-BiTeI-x,HfO2,Ag,0,,8.3,431,100000
Air,,AsSI-BiTeI-x,HfO2,Ag,0,,18.7,431,100000
Air,,AsSI-BiTeI-x,MgO,Ag,0,,11.7,269,100000
Air,,AsSI-BiTeI-x,,Au,0,,1.3,,100000
Air,,AsSI-BiTeI-x,,Au,0,,17.1,,100000
Air,,AsSI-BiTeI-x,BaF2,Au,0,,1.5,144,100000
Air,,AsSI-BiTeI-x,TiO2e,Au,0,,4.1,13,100000
Air,,AsSI-BiTeI-x,HfO2,Au,0,,5.1,237,100000
Air,,AsSI-BiTeI-x,Al2O3e,Pt,0,,12.4,138,100000
Air,,AsSI-BiTeI-x,HfO2,Pt,0,,17.7,148,100000
Air,,AsSI-BiTeI-x,TiO2e,Pt,0,,11.8,246,100000
Air,,AsSI-BiTeI-x,TiO2e,Pt,0,,10.9,246,100000
Air,,AsSI-BiTeI-x,TiO2e,Pt,0,,18.9,66,100000
Air,,AsSI-BiTeI-x,GaNe,Ag,0,,5.0,386,100000
Air,,AsSI-BiTeI-x,HfO2,Ag,0,,19.0,54,100000
Air,,AsSI-BiTeI-x,HfO2,Ag,0,,1.3,54,100000
Air,,AsSI-BiTeI-x,BaF2,Ag,0,,7.4,406,100000
Air,,AsSI-BiTeI-x,BaF2,Ag,0,,19.3,406,100000
Air,,AsSI-BiTeI-x,GaNe,Graphite,0,,7.0,31,100000
Air,,AsSI-BiTeI-x,GaNe,Graphite,0,,0.8,31,100000
Air,,AsSI-BiTeI-x,GaNe,Graphite,0,,15.9,31,100000
Air,,AsSI-BiTeI-x,,Graphite,0,,0.3,,100000
Air,,AsSI-BiTeI-x,,Graphite,0,,12.4,,100000
Air,,AsSI-BiTeI-x,BaF2,Ge,0,,5.4,93,100000
Air,,AsSI-BiTeI-x,BaF2,Ge,0,,7.5,93,100000
Air,,AsSI-BiTeI-x,BaF2,Ge,0,,9.7,93,100000
Air,,AsSI-BiTeI-x,BaF2,Ge,0,,4.8,93,100000
Air,,AsSI-BiTeI-x,BaF2,Ge,0,,17.8,139,100000
Air,,AsSI-BiTeI-x,GaNe,Al,0,,10.7,252,100000
Air,,AsSI-BiTeI-x,GaNe,Al,0,,12.9,81,100000
Air,,AsSI-BiTeI-x,GaNe,Al,0,,11.9,46,100000
Air,,AsSI-BiTeI-x,GaNe,Al,0,,13.9,46,100000
Air,,AsSI-BiTeI-x,GaNe,Al,0,,3.4,46,100000
Air,,AsSI-BiTeI-x,MgO,Graphite,0,,4.7,440,100000
Air,,AsSI-BiTeI-x,TiO2e,Graphite,0,,19.5,77,100000
Air,,AsSI-BiTeI-x,MgO,Graphite,0,,15.6,353,100000
Air,,AsSI-BiTeI-x,MgO,Graphite,0,,18.4,353,100000
Air,,AsSI-BiTeI-x,MgO,Graphite,0,,4.7,224,100000
Air,,AsSI-BiTeI-x,BaF2,W,0,,13.2,301,100000
Air,,AsSI-BiTeI-x,,W,0,,17.7,,100000
Air,,AsSI-BiTeI-x,MgO,W,0,,2.6,177,100000
Air,,AsSI-BiTeI-x,MgO,W,0,,4.4,202,100000
Air,,AsSI-BiTeI-x,MgO,W,0,,2.5,202,100000
Air,,AsSI-BiTeI-x,,Ge,0,,10.7,,100000
Air,,AsSI-BiTeI-x,,Ge,0,,11.3,,100000
Air,,AsSI-BiTeI-x,,Ge,0,,1.6,,100000
Air,,AsSI-BiTeI-x,,Ge,0,,2.0,,100000
Air,,AsSI-BiTeI-x,Al2O3e,Ge,0,,0.8,57,100000
Air,,AsSI-BiTeI-x,Al2O3e,Pt,0,,9.0,418,100000
Air,,AsSI-BiTeI-x,Al2O3e,Pt,0,,1.1,32,100000
Air,,AsSI-BiTeI-x,Al2O3e,Pt,0,,5.9,466,100000
Air,,AsSI-BiTeI-x,MgO,Pt,0,,14.8,427,100000
Air,,AsSI-BiTeI-x,MgO,Pt,0,,0.2,427,100000
Air,,AsSI-BiTeI-x,HfO2,Si,0,,4.7,419,100000
Air,,AsSI-BiTeI-x,HfO2,Si,0,,13.2,90,100000
Air,,AsSI-BiTeI-x,,Si,0,,5.5,,100000
Air,,AsSI-BiTeI-x,BaF2,Si,0,,9.5,170,100000
Air,,Ni2Se2-FeSe-x,BaF2,Si,0,,7.8,209,100000
Air,,Ni2Se2-FeSe-x,SiO2e,Pt,0,,2.8,309,100000
Air,,Ni2Se2-FeSe-x,SiO2e,Pt,0,,19.2,309,100000
Air,,Ni2Se2-FeSe-x,SiO2e,Pt,0,,6.2,137,100000
Air,,Ni2Se2-FeSe-x,HfO2,Pt,0,,15.0,89,100000
Air,,Ni2Se2-FeSe-x,,Pt,0,,2.6,,100000
Air,,Ni2Se2-FeSe-x,MgO,W,0,,7.8,123,100000
Air,,Ni2Se2-FeSe-x,MgO,W,0,,14.5,123,100000
Air,,Ni2Se2-FeSe-x,HfO2,W,0,,3.9,497,100000
Air,,Ni2Se2-FeSe-x,MgO,W,0,,11.8,268,100000
Air,,Ni2Se2-FeSe-x,MgO,W,0,,10.0,95,100000
Air,,Ni2Se2-FeSe-x,BaF2,Ag,0,,5.8,116,100000
Air,,Ni2Se2-FeSe-x,BaF2,Ag,0,,5.5,116,100000
Air,,Ni2Se2-FeSe-x,,Ag,0,,13.0,,100000
Air,,Ni2Se2-FeSe-x,,Ag,0,,11.3,,100000
Air,,Ni2Se2-FeSe-x,,Ag,0,,5.0,,100000
Air,,Ni2Se2-FeSe-x,,Pd,0,,2.1,,100000
Air,,Ni2Se2-FeSe-x,TiO2e,Pd,0,,6.1,199,100000
Air,,Ni2Se2-FeSe-x,TiO2e,Pd,0,,1.3,448,100000
Air,,Ni2Se2-FeSe-x,,Pd,0,,3.6,,100000
Air,,Ni2Se2-FeSe-x,SiO2e,Pd,0,,17.3,138,100000
Air,,Ni2Se2-FeSe-x,BaF2,Si,0,,3.2,392,100000
Air,,Ni2Se2-FeSe-x,BaF2,Si,0,,6.4,312,100000
Air,,Ni2Se2-FeSe-x,BaF2,Si,0,,9.6,312,100000
Air,,Ni2Se2-FeSe-x,BaF2,Si,0,,16.3,260,100000
Air,,Ni2Se2-FeSe-x,BaF2,Si,0,,17.5,358,100000
Air,,Ni2Se2-FeSe-x,GaNe,W,0,,13.8,430,100000
Air,,Ni2Se2-FeSe-x,BaF2,W,0,,0.7,151,100000
Air,,Ni2Se2-FeSe-x,TiO2e,W,0,,10.5,208,100000
Air,,Ni2Se2-FeSe-x,TiO2e,W,0,,12.5,429,100000
Air,,Ni2Se2-FeSe-x,TiO2e,W,0,,16.7,429,100000
Air,,Ni2Se2-FeSe-x,MgO,Pd,0,,11.3,491,100000
Air,,Ni2Se2-FeSe-x,MgO,Pd,0,,11.2,491,100000
Air,,Ni2Se2-FeSe-x,,Pd,0,,10.8,,100000
Air,,Ni2Se2-FeSe-x,HfO2,Pd,0,,2.6,500,100000
Air,,Ni2Se2-FeSe-x,TiO2e,Pd,0,,16.5,99,100000
Air,,Ni2Se2-FeSe-x,BaF2,Pd,0,,9.2,56,100000
Air,,Ni2Se2-FeSe-x,,Pd,0,,19.3,,100000
Air,,Ni2Se2-FeSe-x,,Pd,0,,8.3,,100000
Air,,Ni2Se2-FeSe-x,,Pd,0,,10.7,,100000
Air,,Ni2Se2-FeSe-x,,Pd,0,,19.0,,100000
Air,,Ni2Se2-FeSe-x,TiO2e,Ge,0,,1.7,129,100000
Air,,Ni2Se2-FeSe-x,TiO2e,Ge,0,,7.8,129,100000
Air,,Ni2Se2-FeSe-x,BaF2,Ge,0,,13.8,335,100000
Air,,Ni2Se2-FeSe-x,BaF2,Ge,0,,1.2,80,100000
Air,,Ni2Se2-FeSe-x,Al2O3e,Ge,0,,7.3,143,100000
Air,,Ni2Se2-FeSe-x,GaNe,W,0,,3.8,13,100000
Air,,Ni2Se2-FeSe-x,GaNe,W,0,,1.9,13,100000
Air,,Ni2Se2-FeSe-x,GaNe,W,0,,16.0,93,100000
Air,,Ni2Se2-FeSe-x,GaNe,W,0,,7.8,93,100000
Air,,Ni2Se2-FeSe-x,MgO,W,0,,2.7,210,100000
Air,,Ni2Se2-FeSe-x,HfO2,W,0,,12.0,209,100000
Air,,Ni2Se2-FeSe-x,HfO2,W,0,,3.1,209,100000
Air,,Ni2Se2-FeSe-x,HfO2,W,0,,5.7,225,100000
Air,,Ni2Se2-FeSe-x,HfO2,W,0,,2.6,356,100000
Air,,Ni2Se2-FeSe-x,HfO2,W,0,,11.0,426,100000
Air,,Ni2Se2-FeSe-x,HfO2,Graphite,0,,1.8,394,100000
Air,,Ni2Se2-FeSe-x,HfO2,Graphite,0,,19.5,394,100000
Air,,Ni2Se2-FeSe-x,SiO2e,Graphite,0,,18.2,290,100000
Air,,Ni2Se2-FeSe-x,Al2O3e,Graphite,0,,15.7,99,100000
Air,,Ni2Se2-FeSe-x,GaNe,Graphite,0,,9.8,69,100000
Air,,Ni2Se2-FeSe-x,HfO2,Au,0,,16.5,35,100000
Air,,Ni2Se2-FeSe-x,BaF2,Au,0,,11.6,243,100000
Air,,Ni2Se2-FeSe-x,BaF2,Au,0,,15.6,243,100000
Air,,Ni2Se2-FeSe-x,BaF2,Au,0,,5.1,243,100000
Air,,Ni2Se2-FeSe-x,BaF2,Au,0,,16.5,293,100000
Air,,Ni2Se2-FeSe-x,BaF2,Pt,0,,13.3,411,100000
Air,,Ni2Se2-FeSe-x,BaF2,Pt,0,,17.7,162,100000
Air,,Ni2Se2-FeSe-x,BaF2,Pt,0,,17.9,349,100000
Air,,Ni2Se2-FeSe-x,BaF2,Pt,0,,17.2,349,100000
Air,,Ni2Se2-FeSe-x,,Pt,0,,1.4,,100000
Air,,Ni2Se2-FeSe-x,HfO2,W,0,,11.4,468,100000
Air,,Ni2Se2-FeSe-x,HfO2,W,0,,2.0,27,100000
Air,,Ni2Se2-FeSe-x,HfO2,W,0,,12.2,207,100000
Air,,Ni2Se2-FeSe-x,Al2O3e,W,0,,9.3,182,100000
Air,,Ni2Se2-FeSe-x,Al2O3e,W,0,,15.0,182,100000
Air,,Ni2Se2-FeSe-x,,Al,0,,9.3,,100000
Air,,Ni2Se2-FeSe-x,BaF2,Al,0,,15.2,126,100000
Air,,Ni2Se2-FeSe-x,BaF2,Al,0,,13.3,74,100000
Air,,Ni2Se2-FeSe-x,BaF2,Al,0,,10.6,247,100000
Air,,Ni2Se2-FeSe-x,BaF2,Al,0,,5.8,247,100000
Air,,Ni2Se2-FeSe-x,,Ag,0,,18.2,,100000
Air,,Ni2Se2-FeSe-x,SiO2e,Ag,0,,9.7,349,100000
Air,,Ni2Se2-FeSe-x,SiO2e,Ag,0,,7.4,349,100000
Air,,Ni2Se2-FeSe-x,SiO2e,Ag,0,,2.8,349,100000
Air,,Ni2Se2-FeSe-x,SiO2e,Ag,0,,1.8,151,100000
Air,,Ni2Se2-FeSe-x,MgO,Au,0,,15.4,84,100000
Air,,Ni2Se2-FeSe-x,HfO2,Au,0,,2.5,102,100000
Air,,Ni2Se2-FeSe-x,TiO2e,Au,0,,1.6,266,100000
Air,,Ni2Se2-FeSe-x,TiO2e,Au,0,,2.3,266,100000
Air,,Ni2Se2-FeSe-x,,Au,0,,1.1,,100000
Air,,Ni2Se2-FeSe-x,TiO2e,Al,0,,11.7,369,100000
Air,,Ni2Se2-FeSe-x,MgO,Al,0,,19.7,384,100000
Air,,Ni2Se2-FeSe-x,MgO,Al,0,,6.7,416,100000
Air,,Ni2Se2-FeSe-x,MgO,Al,0,,15.5,416,100000
Air,,Ni2Se2-FeSe-x,TiO2e,Al,0,,9.2,198,100000
Air,,Ni2Se2-FeSe-x,,Pt,0,,18.7,,100000
Air,,Ni2Se2-FeSe-x,GaNe,Pt,0,,11.2,282,100000
Air,,Ni2Se2-FeSe-x,,Pt,0,,14.3,,100000
Air,,Ni2Se2-FeSe-x,,Pt,0,,4.9,,100000
Air,,Ni2Se2-FeSe-x,,Pt,0,,3.4,,100000
Air,,Ni2Se2-FeSe-x,TiO2e,Ge,0,,8.6,423,100000
Air,,Ni2Se2-FeSe-x,TiO2e,Ge,0,,5.6,423,100000
Air,,Ni2Se2-FeSe-x,TiO2e,Ge,0,,0.6,407,100000
Air,,Ni2Se2-FeSe-x,TiO2e,Ge,0,,15.7,373,100000
Air,,Ni2Se2-FeSe-x,TiO2e,Ge,0,,5.5,296,100000
Air,,Ni2Se2-FeSe-x,SiO2e,Si,0,,6.5,241,100000
Air,,Ni2Se2-FeSe-x,SiO2e,Si,0,,5.6,241,100000
Air,,Ni2Se2-FeSe-x,SiO2e,Si,0,,19.1,241,100000
Air,,Ni2Se2-FeSe-x,TiO2e,Si,0,,17.3,253,100000
Air,,Ni2Se2-FeSe-x,GaNe,Si,0,,4.0,353,100000
Air,,Ni2Se2-FeSe-x,TiO2e,Ge,0,,15.0,480,100000
Air,,Ni2Se2-FeSe-x,TiO2e,Ge,0,,12.5,71,100000
Air,,Ni2Se2-FeSe-x,TiO2e,Ge,0,,20.0,201,100000
Air,,Ni2Se2-FeSe-x,TiO2e,Ge,0,,16.2,236,100000
Air,,Ni2Se2-FeSe-x,TiO2e,Ge,0,,12.9,286,100000
Air,,Ni2Se2-FeSe-x,MgO,Ag,0,,16.6,406,100000
Air,,Ni2Se2-FeSe-x,MgO,Ag,0,,5.2,406,100000
Air,,Ni2Se2-FeSe-x,MgO,Ag,0,,8.5,367,100000
Air,,Ni2Se2-FeSe-x,MgO,Ag,0,,17.2,367,100000
Air,,Ni2Se2-FeSe-x,TiO2e,Ag,0,,5.7,438,100000
Air,,Ni2Se2-FeSe-x,BaF2,Si,0,,2.7,129,100000
Air,,Ni2Se2-FeSe-x,MgO,Si,0,,5.6,426,100000
Air,,Ni2Se2-FeSe-x,MgO,Si,0,,14.4,80,100000
Air,,Ni2Se2-FeSe-x,,Si,0,,15.8,,100000
Air,,Ni2Se2-FeSe-x,,Si,0,,15.9,,100000
Air,,Ni2Se2-FeSe-x,HfO2,Al,0,,11.8,42,100000
Air,,Ni2Se2-FeSe-x,,Al,0,,6.1,,100000
Air,,Ni2Se2-FeSe-x,HfO2,Al,0,,4.9,140,100000
Air,,Ni2Se2-FeSe-x,HfO2,Al,0,,4.5,74,100000
Air,,Ni2Se2-FeSe-x,HfO2,Al,0,,15.6,142,100000
Air,,Ni2Se2-FeSe-x,,Ag,0,,5.6,,100000
Air,,Ni2Se2-FeSe-x,,Ag,0,,14.2,,100000
Air,,Ni2Se2-FeSe-x,,Ag,0,,15.8,,100000
Air,,Ni2Se2-FeSe-x,SiO2e,Ag,0,,5.8,484,100000
Air,,Ni2Se2-FeSe-x,SiO2e,Ag,0,,8.9,484,100000
Air,,Ni2Se2-FeSe-x,GaNe,Au,0,,14.6,481,100000
Air,,Ni2Se2-FeSe-x,GaNe,Au,0,,17.5,481,100000
Air,,Ni2Se2-FeSe-x,GaNe,Au,0,,19.8,481,100000
Air,,Ni2Se2-FeSe-x,GaNe,Au,0,,1.1,40,100000
Air,,Ni2Se2-FeSe-x,MgO,Au,0,,13.8,246,100000
Air,,Ni2Se2-FeSe-x,TiO2e,Si,0,,8.2,69,100000
Air,,Ni2Se2-FeSe-x,Al2O3e,Si,0,,11.3,222,100000
Air,,Sn2I2N2-FeOCl-x,Al2O3e,Si,0,,13.5,47,100000
Air,,Sn2I2N2-FeOCl-x,Al2O3e,Si,0,,5.4,17,100000
Air,,Sn2I2N2-FeOCl-x,Al2O3e,Si,0,,6.0,17,100000
Air,,Sn2I2N2-FeOCl-x,BaF2,Pd,0,,8.6,304,100000
Air,,Sn2I2N2-FeOCl-x,Al2O3e,Pd,0,,1.2,27,100000
Air,,Sn2I2N2-FeOCl-x,GaNe,Pd,0,,13.2,495,100000
Air,,Sn2I2N2-FeOCl-x,GaNe,Pd,0,,2.1,134,100000
Air,,Sn2I2N2-FeOCl-x,TiO2e,Pd,0,,0.8,95,100000
Air,,Sn2I2N2-FeOCl-x,SiO2e,Au,0,,5.7,236,100000
Air,,Sn2I2N2-FeOCl-x,SiO2e,Au,0,,3.1,236,100000
Air,,Sn2I2N2-FeOCl-x,GaNe,Au,0,,1.9,99,100000
Air,,Sn2I2N2-FeOCl-x,MgO,Au,0,,11.6,296,100000
Air,,Sn2I2N2-FeOCl-x,TiO2e,Au,0,,13.4,373,100000
Air,,Sn2I2N2-FeOCl-x,SiO2e,Ge,0,,17.0,412,100000
Air,,Sn2I2N2-FeOCl-x,TiO2e,Ge,0,,8.5,73,100000
Air,,Sn2I2N2-FeOCl-x,TiO2e,Ge,0,,12.0,383,100000
Air,,Sn2I2N2-FeOCl-x,TiO2e,Ge,0,,11.8,383,100000
Air,,Sn2I2N2-FeOCl-x,BaF2,Ge,0,,13.6,472,100000
Air,,Sn2I2N2-FeOCl-x,,Pt,0,,16.6,,100000
Air,,Sn2I2N2-FeOCl-x,TiO2e,Pt,0,,19.9,200,100000
Air,,Sn2I2N2-FeOCl-x,,Pt,0,,17.4,,100000
Air,,Sn2I2N2-FeOCl-x,,Pt,0,,6.6,,100000
Air,,Sn2I2N2-FeOCl-x,,Pt,0,,16.7,,100000
Air,,Sn2I2N2-FeOCl-x,GaNe,Ag,0,,7.5,278,100000
Air,,Sn2I2N2-FeOCl-x,,Ag,0,,11.0,,100000
Air,,Sn2I2N2-FeOCl-x,TiO2e,Ag,0,,12.7,172,100000
Air,,Sn2I2N2-FeOCl-x,TiO2e,Ag,0,,18.1,134,100000
Air,,Sn2I2N2-FeOCl-x,TiO2e,Ag,0,,11.3,342,100000
Air,,Sn2I2N2-FeOCl-x,SiO2e,Al,0,,19.6,168,100000
Air,,Sn2I2N2-FeOCl-x,SiO2e,Al,0,,16.4,433,100000
Air,,Sn2I2N2-FeOCl-x,SiO2e,Al,0,,7.6,433,100000
Air,,Sn2I2N2-FeOCl-x,SiO2e,Al,0,,5.3,433,100000
Air,,Sn2I2N2-FeOCl-x,SiO2e,Al,0,,10.0,133,100000
Air,,Sn2I2N2-FeOCl-x,,Ag,0,,0.7,,100000
Air,,Sn2I2N2-FeOCl-x,Al2O3e,Ag,0,,4.3,365,100000
Air,,Sn2I2N2-FeOCl-x,Al2O3e,Ag,0,,13.5,420,100000
Air,,Sn2I2N2-FeOCl-x,Al2O3e,Ag,0,,5.7,420,100000
Air,,Sn2I2N2-FeOCl-x,MgO,Ag,0,,1.9,381,100000
Air,,Sn2I2N2-FeOCl-x,,Pt,0,,16.2,,100000
Air,,Sn2I2N2-FeOCl-x,,Pt,0,,3.4,,100000
Air,,Sn2I2N2-FeOCl-x,,Pt,0,,12.8,,100000
Air,,Sn2I2N2-FeOCl-x,,Pt,0,,0.6,,100000
Air,,Sn2I2N2-FeOCl-x,,Pt,0,,3.6,,100000
Air,,Sn2I2N2-FeOCl-x,,W,0,,17.1,,100000
Air,,Sn2I2N2-FeOCl-x,Al2O3e,W,0,,15.2,77,100000
Air,,Sn2I2N2-FeOCl-x,,W,0,,5.1,,100000
Air,,Sn2I2N2-FeOCl-x,TiO2e,W,0,,19.1,252,100000
Air,,Sn2I2N2-FeOCl-x,MgO,W,0,,2.8,346,100000
Air,,Sn2I2N2-FeOCl-x,GaNe,Ge,0,,11.6,205,100000
Air,,Sn2I2N2-FeOCl-x,BaF2,Ge,0,,10.8,386,100000
Air,,Sn2I2N2-FeOCl-x,BaF2,Ge,0,,10.4,386,100000
Air,,Sn2I2N2-FeOCl-x,MgO,Ge,0,,18.8,38,100000
Air,,Sn2I2N2-FeOCl-x,MgO,Ge,0,,6.4,75,100000
Air,,Sn2I2N2-FeOCl-x,MgO,Pt,0,,12.8,424,100000
Air,,Sn2I2N2-FeOCl-x,BaF2,Pt,0,,14.4,66,100000
Air,,Sn2I2N2-FeOCl-x,MgO,Pt,0,,7.8,75,100000
Air,,Sn2I2N2-FeOCl-x,,Pt,0,,15.6,,100000
Air,,Sn2I2N2-FeOCl-x,MgO,Pt,0,,2.0,60,100000
Air,,Sn2I2N2-FeOCl-x,,Si,0,,9.7,,100000
Air,,Sn2I2N2-FeOCl-x,,Si,0,,15.9,,100000
Air,,Sn2I2N2-FeOCl-x,,Si,0,,7.4,,100000
Air,,Sn2I2N2-FeOCl-x,,Si,0,,4.9,,100000
Air,,Sn2I2N2-FeOCl-x,,Si,0,,5.0,,100000
Air,,Sn2I2N2-FeOCl-x,GaNe,Pd,0,,7.7,437,100000
Air,,Sn2I2N2-FeOCl-x,Al2O3e,Pd,0,,0.1,201,100000
Air,,Sn2I2N2-FeOCl-x,,Pd,0,,13.2,,100000
Air,,Sn2I2N2-FeOCl-x,,Pd,0,,0.9,,100000
Air,,Sn2I2N2-FeOCl-x,,Pd,0,,12.3,,100000
Air,,Sn2I2N2-FeOCl-x,BaF2,Au,0,,4.4,184,100000
Air,,Sn2I2N2-FeOCl-x,BaF2,Au,0,,19.6,184,100000
Air,,Sn2I2N2-FeOCl-x,,Au,0,,18.5,,100000
Air,,Sn2I2N2-FeOCl-x,GaNe,Au,0,,7.4,431,100000
Air,,Sn2I2N2-FeOCl-x,,Au,0,,11.0,,100000
Air,,Sn2I2N2-FeOCl-x,Al2O3e,W,0,,6.1,323,100000
Air,,Sn2I2N2-FeOCl-x,Al2O3e,W,0,,17.9,118,100000
Air,,Sn2I2N2-FeOCl-x,,W,0,,16.0,,100000
Air,,Sn2I2N2-FeOCl-x,,W,0,,6.3,,100000
Air,,Sn2I2N2-FeOCl-x,TiO2e,W,0,,17.7,260,100000
Air,,Sn2I2N2-FeOCl-x,,Ge,0,,11.2,,100000
Air,,Sn2I2N2-FeOCl-x,,Ge,0,,2.8,,100000
Air,,Sn2I2N2-FeOCl-x,,Ge,0,,18.1,,100000
Air,,Sn2I2N2-FeOCl-x,BaF2,Ge,0,,0.2,443,100000
Air,,Sn2I2N2-FeOCl-x,BaF2,Ge,0,,14.2,182,100000
Air,,Sn2I2N2-FeOCl-x,,Au,0,,10.6,,100000
Air,,Sn2I2N2-FeOCl-x,,Au,0,,18.5,,100000
Air,,Sn2I2N2-FeOCl-x,GaNe,Au,0,,1.3,265,100000
Air,,Sn2I2N2-FeOCl-x,GaNe,Au,0,,8.5,265,100000
Air,,Sn2I2N2-FeOCl-x,,Au,0,,2.6,,100000
Air,,Sn2I2N2-FeOCl-x,BaF2,Au,0,,11.9,253,100000
Air,,Sn2I2N2-FeOCl-x,BaF2,Au,0,,19.1,253,100000
Air,,Sn2I2N2-FeOCl-x,BaF2,Au,0,,12.4,253,100000
Air,,Sn2I2N2-FeOCl-x,BaF2,Au,0,,19.6,141,100000
Air,,Sn2I2N2-FeOCl-x,TiO2e,Au,0,,11.1,345,100000
Air,,Sn2I2N2-FeOCl-x,BaF2,Ag,0,,16.7,169,100000
Air,,Sn2I2N2-FeOCl-x,BaF2,Ag,0,,6.0,169,100000
Air,,Sn2I2N2-FeOCl-x,TiO2e,Ag,0,,10.9,428,100000
Air,,Sn2I2N2-FeOCl-x,HfO2,Ag,0,,10.9,95,100000
Air,,Sn2I2N2-FeOCl-x,,Ag,0,,6.5,,100000
Air,,Sn2I2N2-FeOCl-x,,W,0,,6.3,,100000
Air,,Sn2I2N2-FeOCl-x,,W,0,,3.0,,100000
Air,,Sn2I2N2-FeOCl-x,,W,0,,7.6,,100000
Air,,Sn2I2N2-FeOCl-x,,W,0,,14.1,,100000
Air,,Sn2I2N2-FeOCl-x,,W,0,,1.6,,100000
Air,,Sn2I2N2-FeOCl-x,BaF2,Al,0,,4.2,271,100000
Air,,Sn2I2N2-FeOCl-x,BaF2,Al,0,,5.1,290,100000
Air,,Sn2I2N2-FeOCl-x,,Al,0,,16.1,,100000
Air,,Sn2I2N2-FeOCl-x,,Al,0,,0.9,,100000
Air,,Sn2I2N2-FeOCl-x,SiO2e,Al,0,,9.9,115,100000
Air,,Sn2I2N2-FeOCl-x,BaF2,Au,0,,2.9,241,100000
Air,,Sn2I2N2-FeOCl-x,TiO2e,Au,0,,6.7,338,100000
Air,,Sn2I2N2-FeOCl-x,TiO2e,Au,0,,20.0,12,100000
Air,,Sn2I2N2-FeOCl-x,HfO2,Au,0,,7.2,492,100000
Air,,Sn2I2N2-FeOCl-x,BaF2,Au,0,,6.1,333,100000
Air,,Sn2I2N2-FeOCl-x,HfO2,Graphite,0,,4.2,106,100000
Air,,Sn2I2N2-FeOCl-x,Al2O3e,Graphite,0,,18.0,76,100000
Air,,Sn2I2N2-FeOCl-x,Al2O3e,Graphite,0,,15.3,231,100000
Air,,Sn2I2N2-FeOCl-x,,Graphite,0,,16.7,,100000
Air,,Sn2I2N2-FeOCl-x,TiO2e,Graphite,0,,9.6,60,100000
Air,,Sn2I2N2-FeOCl-x,GaNe,Pt,0,,19.5,494,100000
Air,,Sn2I2N2-FeOCl-x,GaNe,Pt,0,,18.8,468,100000
Air,,Sn2I2N2-FeOCl-x,HfO2,Pt,0,,8.6,52,100000
Air,,Sn2I2N2-FeOCl-x,Al2O3e,Pt,0,,5.3,313,100000
Air,,Sn2I2N2-FeOCl-x,SiO2e,Pt,0,,8.4,240,100000
Air,,Sn2I2N2-FeOCl-x,,Al,0,,10.6,,100000
Air,,Sn2I2N2-FeOCl-x,,Al,0,,0.2,,100000
Air,,Sn2I2N2-FeOCl-x,,Al,0,,18.6,,100000
Air,,Sn2I2N2-FeOCl-x,,Al,0,,14.8,,100000
Air,,Sn2I2N2-FeOCl-x,,Al,0,,17.5,,100000
Air,,Sn2I2N2-FeOCl-x,BaF2,Si,0,,19.8,362,100000
Air,,Sn2I2N2-FeOCl-x,BaF2,Si,0,,6.6,362,100000
Air,,Sn2I2N2-FeOCl-x,BaF2,Si,0,,12.3,362,100000
Air,,Sn2I2N2-FeOCl-x,,Si,0,,17.2,,100000
Air,,Sn2I2N2-FeOCl-x,MgO,Si,0,,11.9,195,100000
Air,,Sn2I2N2-FeOCl-x,,Pd,0,,9.8,,100000
Air,,Sn2I2N2-FeOCl-x,MgO,Pd,0,,14.3,260,100000
Air,,Sn2I2N2-FeOCl-x,MgO,Pd,0,,1.3,260,100000
Air,,Sn2I2N2-FeOCl-x,TiO2e,Pd,0,,3.7,249,100000
Air,,Sn2I2N2-FeOCl-x,TiO2e,Pd,0,,2.4,148,100000
Air,,Sn2I2N2-FeOCl-x,GaNe,Graphite,0,,14.2,113,100000
Air,,Sn2I2N2-FeOCl-x,GaNe,Graphite,0,,7.6,113,100000
Air,,Sn2I2N2-FeOCl-x,HfO2,Graphite,0,,3.5,372,100000
Air,,Sn2I2N2-FeOCl-x,HfO2,Graphite,0,,7.7,372,100000
Air,,Sn2I2N2-FeOCl-x,TiO2e,Graphite,0,,14.5,458,100000
Air,,AsSCl-MoSSe-x,GaNe,Ag,0,,19.5,299,100000
Air,,AsSCl-MoSSe-x,GaNe,Ag,0,,3.8,240,100000
Air,,AsSCl-MoSSe-x,,Ag,0,,14.8,,100000
Air,,AsSCl-MoSSe-x,,Ag,0,,0.7,,100000
Air,,AsSCl-MoSSe-x,,Ag,0,,4.7,,100000
Air,,AsSCl-MoSSe-x,HfO2,Pd,0,,12.8,99,100000
Air,,AsSCl-MoSSe-x,TiO2e,Pd,0,,0.3,271,100000
Air,,AsSCl-MoSSe-x,,Pd,0,,10.0,,100000
Air,,AsSCl-MoSSe-x,GaNe,Pd,0,,14.3,226,100000
Air,,AsSCl-MoSSe-x,,Pd,0,,15.9,,100000
Air,,AsSCl-MoSSe-x,SiO2e,Al,0,,3.1,355,100000
Air,,AsSCl-MoSSe-x,BaF2,Al,0,,3.7,92,100000
Air,,AsSCl-MoSSe-x,BaF2,Al,0,,12.2,92,100000
Air,,AsSCl-MoSSe-x,BaF2,Al,0,,6.9,92,100000
Air,,AsSCl-MoSSe-x,SiO2e,Al,0,,17.8,423,100000
Air,,AsSCl-MoSSe-x,BaF2,Si,0,,8.1,459,100000
Air,,AsSCl-MoSSe-x,MgO,Si,0,,4.7,259,100000
Air,,AsSCl-MoSSe-x,GaNe,Si,0,,11.9,420,100000
Air,,AsSCl-MoSSe-x,GaNe,Si,0,,3.5,420,100000
Air,,AsSCl-MoSSe-x,GaNe,Si,0,,0.3,371,100000
Air,,AsSCl-MoSSe-x,BaF2,Al,0,,15.8,240,100000
Air,,AsSCl-MoSSe-x,,Al,0,,8.5,,100000
Air,,AsSCl-MoSSe-x,GaNe,Al,0,,16.2,44,100000
Air,,AsSCl-MoSSe-x,MgO,Al,0,,17.1,427,100000
Air,,AsSCl-MoSSe-x,MgO,Al,0,,6.9,427,100000
Air,,AsSCl-MoSSe-x,HfO2,Ge,0,,2.1,245,100000
Air,,AsSCl-MoSSe-x,,Ge,0,,18.6,,100000
Air,,AsSCl-MoSSe-x,,Ge,0,,19.0,,100000
Air,,AsSCl-MoSSe-x,,Ge,0,,5.8,,100000
Air,,AsSCl-MoSSe-x,,Ge,0,,18.0,,100000
Air,,AsSCl-MoSSe-x,,Au,0,,8.5,,100000
Air,,AsSCl-MoSSe-x,GaNe,Au,0,,11.8,410,100000
Air,,AsSCl-MoSSe-x,Al2O3e,Au,0,,9.3,186,100000
Air,,AsSCl-MoSSe-x,SiO2e,Au,0,,19.5,318,100000
Air,,AsSCl-MoSSe-x,SiO2e,Au,0,,2.7,318,100000
Air,,AsSCl-MoSSe-x,BaF2,Pt,0,,0.9,314,100000
Air,,AsSCl-MoSSe-x,TiO2e,Pt,0,,0.5,146,100000
Air,,AsSCl-MoSSe-x,TiO2e,Pt,0,,6.7,213,100000
Air,,AsSCl-MoSSe-x,TiO2e,Pt,0,,14.4,213,100000
Air,,AsSCl-MoSSe-x,TiO2e,Pt,0,,8.3,213,100000
Air,,AsSCl-MoSSe-x,,Pd,0,,8.1,,100000
Air,,AsSCl-MoSSe-x,,Pd,0,,4.5,,100000
Air,,AsSCl-MoSSe-x,,Pd,0,,5.3,,100000
Air,,AsSCl-MoSSe-x,,Pd,0,,17.5,,100000
Air,,AsSCl-MoSSe-x,Al2O3e,Pd,0,,14.4,390,100000
Air,,AsSCl-MoSSe-x,GaNe,Au,0,,0.9,25,100000
Air,,AsSCl-MoSSe-x,GaNe,Au,0,,12.1,25,100000
Air,,AsSCl-MoSSe-x,,Au,0,,14.1,,100000
Air,,AsSCl-MoSSe-x,HfO2,Au,0,,8.3,220,100000
Air,,AsSCl-MoSSe-x,HfO2,Au,0,,15.2,220,100000
Air,,AsSCl-MoSSe-x,SiO2e,Pt,0,,12.4,136,100000
Air,,AsSCl-MoSSe-x,Al2O3e,Pt,0,,18.3,94,100000
Air,,AsSCl-MoSSe-x,,Pt,0,,2.6,,100000
Air,,AsSCl-MoSSe-x,,Pt,0,,12.8,,100000
Air,,AsSCl-MoSSe-x,HfO2,Pt,0,,4.4,449,100000
Air,,AsSCl-MoSSe-x,BaF2,Au,0,,7.5,282,100000
Air,,AsSCl-MoSSe-x,BaF2,Au,0,,1.3,282,100000
Air,,AsSCl-MoSSe-x,TiO2e,Au,0,,13.8,435,100000
Air,,AsSCl-MoSSe-x,TiO2e,Au,0,,14.9,481,100000
Air,,AsSCl-MoSSe-x,TiO2e,Au,0,,16.8,481,100000
Air,,AsSCl-MoSSe-x,,Graphite,0,,10.1,,100000
Air,,AsSCl-MoSSe-x,,Graphite,0,,7.7,,100000
Air,,AsSCl-MoSSe-x,,Graphite,0,,18.5,,100000
Air,,AsSCl-MoSSe-x,GaNe,Graphite,0,,8.6,411,100000
Air,,AsSCl-MoSSe-x,GaNe,Graphite,0,,15.8,411,100000
Air,,AsSCl-MoSSe-x,TiO2e,Al,0,,2.8,202,100000
Air,,AsSCl-MoSSe-x,TiO2e,Al,0,,4.0,202,100000
Air,,AsSCl-MoSSe-x,TiO2e,Al,0,,4.4,202,100000
Air,,AsSCl-MoSSe-x,TiO2e,Al,0,,1.3,202,100000
Air,,AsSCl-MoSSe-x,TiO2e,Al,0,,12.4,436,100000
Air,,AsSCl-MoSSe-x,BaF2,Ge,0,,0.3,359,100000
Air,,AsSCl-MoSSe-x,BaF2,Ge,0,,8.0,29,100000
Air,,AsSCl-MoSSe-x,BaF2,Ge,0,,13.0,29,100000
Air,,AsSCl-MoSSe-x,Al2O3e,Ge,0,,12.2,227,100000
Air,,AsSCl-MoSSe-x,Al2O3e,Ge,0,,4.0,363,100000
Air,,AsSCl-MoSSe-x,,Au,0,,2.6,,100000
Air,,AsSCl-MoSSe-x,,Au,0,,8.6,,100000
Air,,AsSCl-MoSSe-x,,Au,0,,16.8,,100000
Air,,AsSCl-MoSSe-x,HfO2,Au,0,,10.2,50,100000
Air,,AsSCl-MoSSe-x,HfO2,Au,0,,9.8,92,100000
Air,,AsSCl-MoSSe-x,MgO,Si,0,,17.7,121,100000
Air,,AsSCl-MoSSe-x,MgO,Si,0,,18.5,121,100000
Air,,AsSCl-MoSSe-x,MgO,Si,0,,7.7,486,100000
Air,,AsSCl-MoSSe-x,BaF2,Si,0,,12.6,269,100000
Air,,AsSCl-MoSSe-x,BaF2,Si,0,,5.3,425,100000
Air,,AsSCl-MoSSe-x,GaNe,Graphite,0,,6.8,481,100000
Air,,AsSCl-MoSSe-x,GaNe,Graphite,0,,15.2,325,100000
Air,,AsSCl-MoSSe-x,GaNe,Graphite,0,,3.0,325,100000
Air,,AsSCl-MoSSe-x,GaNe,Graphite,0,,8.5,325,100000
Air,,AsSCl-MoSSe-x,GaNe,Graphite,0,,9.9,325,100000
Air,,AsSCl-MoSSe-x,GaNe,Au,0,,13.2,41,100000
Air,,AsSCl-MoSSe-x,MgO,Au,0,,3.8,229,100000
Air,,AsSCl-MoSSe-x,MgO,Au,0,,1.3,436,100000
Air,,AsSCl-MoSSe-x,MgO,Au,0,,9.1,52,100000
Air,,AsSCl-MoSSe-x,MgO,Au,0,,1.6,52,100000
Air,,AsSCl-MoSSe-x,HfO2,Ag,0,,15.8,179,100000
Air,,AsSCl-MoSSe-x,GaNe,Ag,0,,16.7,387,100000
Air,,AsSCl-MoSSe-x,TiO2e,Ag,0,,18.8,317,100000
Air,,AsSCl-MoSSe-x,TiO2e,Ag,0,,7.3,471,100000
Air,,AsSCl-MoSSe-x,TiO2e,Ag,0,,10.9,471,100000
Air,,AsSCl-MoSSe-x,Al2O3e,W,0,,7.9,133,100000
Air,,AsSCl-MoSSe-x,GaNe,W,0,,15.4,429,100000
Air,,AsSCl-MoSSe-x,BaF2,W,0,,12.2,329,100000
Air,,AsSCl-MoSSe-x,BaF2,W,0,,7.8,228,100000
Air,,AsSCl-MoSSe-x,BaF2,W,0,,2.0,228,100000
Air,,AsSCl-MoSSe-x,TiO2e,Ag,0,,4.6,200,100000
Air,,AsSCl-MoSSe-x,Al2O3e,Ag,0,,17.1,318,100000
Air,,AsSCl-MoSSe-x,MgO,Ag,0,,11.6,272,100000
Air,,AsSCl-MoSSe-x,BaF2,Ag,0,,10.0,441,100000
Air,,AsSCl-MoSSe-x,Al2O3e,Ag,0,,8.5,54,100000
Air,,AsSCl-MoSSe-x,TiO2e,Pt,0,,10.4,211,100000
Air,,AsSCl-MoSSe-x,,Pt,0,,13.4,,100000
Air,,AsSCl-MoSSe-x,HfO2,Pt,0,,19.8,482,100000
Air,,AsSCl-MoSSe-x,HfO2,Pt,0,,14.6,251,100000
Air,,AsSCl-MoSSe-x,HfO2,Pt,0,,6.7,76,100000
Air,,AsSCl-MoSSe-x,GaNe,W,0,,18.9,208,100000
Air,,AsSCl-MoSSe-x,,W,0,,8.2,,100000
Air,,AsSCl-MoSSe-x,,W,0,,20.0,,100000
Air,,AsSCl-MoSSe-x,,W,0,,4.1,,100000
Air,,AsSCl-MoSSe-x,,W,0,,16.7,,100000
Air,,AsSCl-MoSSe-x,SiO2e,Si,0,,12.1,486,100000
Air,,AsSCl-MoSSe-x,MgO,Si,0,,11.9,448,100000
Air,,AsSCl-MoSSe-x,MgO,Si,0,,18.7,448,100000
Air,,AsSCl-MoSSe-x,MgO,Si,0,,12.1,359,100000
Air,,AsSCl-MoSSe-x,Al2O3e,Si,0,,7.9,217,100000
Air,,AsSCl-MoSSe-x,MgO,Pd,0,,0.1,153,100000
Air,,AsSCl-MoSSe-x,MgO,Pd,0,,6.1,153,100000
Air,,AsSCl-MoSSe-x,MgO,Pd,0,,0.9,153,100000
Air,,AsSCl-MoSSe-x,MgO,Pd,0,,12.9,192,100000
Air,,AsSCl-MoSSe-x,MgO,Pd,0,,3.3,192,100000
Air,,AsSCl-MoSSe-x,GaNe,Al,0,,6.8,374,100000
Air,,AsSCl-MoSSe-x,GaNe,Al,0,,10.6,32,100000
Air,,AsSCl-MoSSe-x,HfO2,Al,0,,18.6,11,100000
Air,,AsSCl-MoSSe-x,HfO2,Al,0,,5.9,11,100000
Air,,AsSCl-MoSSe-x,,Al,0,,5.9,,100000
Air,,AsSCl-MoSSe-x,,Pd,0,,4.0,,100000
Air,,AsSCl-MoSSe-x,,Pd,0,,16.1,,100000
Air,,AsSCl-MoSSe-x,SiO2e,Pd,0,,18.2,430,100000
Air,,AsSCl-MoSSe-x,SiO2e,Pd,0,,10.7,430,100000
Air,,AsSCl-MoSSe-x,,Pd,0,,3.3,,100000
Air,,AsSCl-MoSSe-x,GaNe,Graphite,0,,2.3,127,100000
Air,,AsSCl-MoSSe-x,GaNe,Graphite,0,,14.6,147,100000
Air,,AsSCl-MoSSe-x,GaNe,Graphite,0,,0.7,147,100000
Air,,In2Cl2-CuI-x,GaNe,Graphite,0,,19.1,394,100000
Air,,In2Cl2-CuI-x,Al2O3e,Graphite,0,,16.0,48,100000
Air,,In2Cl2-CuI-x,MgO,Graphite,0,,3.7,469,100000
Air,,In2Cl2-CuI-x,MgO,Graphite,0,,1.6,16,100000
Air,,In2Cl2-CuI-x,,Graphite,0,,3.4,,100000
Air,,In2Cl2-CuI-x,,Graphite,0,,14.5,,100000
Air,,In2Cl2-CuI-x,,Graphite,0,,5.1,,100000
Air,,In2Cl2-CuI-x,Al2O3e,Al,0,,7.9,469,100000
Air,,In2Cl2-CuI-x,Al2O3e,Al,0,,1.3,469,100000
Air,,In2Cl2-CuI-x,Al2O3e,Al,0,,3.3,207,100000
Air,,In2Cl2-CuI-x,Al2O3e,Al,0,,10.0,207,100000
Air,,In2Cl2-CuI-x,GaNe,Al,0,,3.8,231,100000
Air,,In2Cl2-CuI-x,SiO2e,Au,0,,5.7,73,100000
Air,,In2Cl2-CuI-x,SiO2e,Au,0,,7.6,82,100000
Air,,In2Cl2-CuI-x,SiO2e,Au,0,,11.1,494,100000
Air,,In2Cl2-CuI-x,SiO2e,Au,0,,2.2,69,100000
Air,,In2Cl2-CuI-x,SiO2e,Au,0,,13.8,85,100000
Air,,In2Cl2-CuI-x,,Graphite,0,,16.5,,100000
Air,,In2Cl2-CuI-x,,Graphite,0,,16.2,,100000
Air,,In2Cl2-CuI-x,,Graphite,0,,7.3,,100000
Air,,In2Cl2-CuI-x,GaNe,Graphite,0,,11.1,123,100000
Air,,In2Cl2-CuI-x,GaNe,Graphite,0,,6.4,123,100000
Air,,In2Cl2-CuI-x,BaF2,Ge,0,,1.7,318,100000
Air,,In2Cl2-CuI-x,BaF2,Ge,0,,4.0,85,100000
Air,,In2Cl2-CuI-x,GaNe,Ge,0,,5.6,78,100000
Air,,In2Cl2-CuI-x,GaNe,Ge,0,,18.5,78,100000
Air,,In2Cl2-CuI-x,GaNe,Ge,0,,8.8,78,100000
Air,,In2Cl2-CuI-x,Al2O3e,Ge,0,,11.2,82,100000
Air,,In2Cl2-CuI-x,HfO2,Ge,0,,4.7,119,100000
Air,,In2Cl2-CuI-x,Al2O3e,Ge,0,,1.9,181,100000
Air,,In2Cl2-CuI-x,HfO2,Ge,0,,7.3,238,100000
Air,,In2Cl2-CuI-x,HfO2,Ge,0,,17.5,163,100000
Air,,In2Cl2-CuI-x,Al2O3e,Si,0,,15.6,456,100000
Air,,In2Cl2-CuI-x,TiO2e,Si,0,,0.4,463,100000
Air,,In2Cl2-CuI-x,TiO2e,Si,0,,3.1,463,100000
Air,,In2Cl2-CuI-x,MgO,Si,0,,16.6,212,100000
Air,,In2Cl2-CuI-x,HfO2,Si,0,,18.9,451,100000
Air,,In2Cl2-CuI-x,GaNe,Pt,0,,15.2,195,100000
Air,,In2Cl2-CuI-x,GaNe,Pt,0,,2.9,195,100000
Air,,In2Cl2-CuI-x,Al2O3e,Pt,0,,9.4,116,100000
Air,,In2Cl2-CuI-x,GaNe,Pt,0,,2.3,270,100000
Air,,In2Cl2-CuI-x,GaNe,Pt,0,,18.3,299,100000
Air,,In2Cl2-CuI-x,MgO,W,0,,10.1,98,100000
Air,,In2Cl2-CuI-x,Al2O3e,W,0,,16.1,65,100000
Air,,In2Cl2-CuI-x,Al2O3e,W,0,,1.8,65,100000
Air,,In2Cl2-CuI-x,Al2O3e,W,0,,9.1,498,100000
Air,,In2Cl2-CuI-x,Al2O3e,W,0,,7.6,498,100000
Air,,In2Cl2-CuI-x,,Pd,0,,11.9,,100000
Air,,In2Cl2-CuI-x,Al2O3e,Pd,0,,7.5,336,100000
Air,,In2Cl2-CuI-x,Al2O3e,Pd,0,,10.0,179,100000
Air,,In2Cl2-CuI-x,Al2O3e,Pd,0,,2.4,373,100000
Air,,In2Cl2-CuI-x,Al2O3e,Pd,0,,19.3,412,100000
Air,,In2Cl2-CuI-x,HfO2,Si,0,,12.0,38,100000
Air,,In2Cl2-CuI-x,HfO2,Si,0,,16.8,296,100000
Air,,In2Cl2-CuI-x,HfO2,Si,0,,15.9,296,100000
Air,,In2Cl2-CuI-x,HfO2,Si,0,,9.0,353,100000
Air,,In2Cl2-CuI-x,HfO2,Si,0,,14.3,353,100000
Air,,In2Cl2-CuI-x,,Si,0,,9.2,,100000
Air,,In2Cl2-CuI-x,,Si,0,,4.9,,100000
Air,,In2Cl2-CuI-x,GaNe,Si,0,,3.6,288,100000
Air,,In2Cl2-CuI-x,GaNe,Si,0,,8.7,176,100000
Air,,In2Cl2-CuI-x,GaNe,Si,0,,5.1,342,100000
Air,,In2Cl2-CuI-x,TiO2e,Ge,0,,19.9,477,100000
Air,,In2Cl2-CuI-x,BaF2,Ge,0,,17.0,269,100000
Air,,In2Cl2-CuI-x,SiO2e,Ge,0,,6.2,295,100000
Air,,In2Cl2-CuI-x,,Ge,0,,19.7,,100000
Air,,In2Cl2-CuI-x,,Ge,0,,3.6,,100000
Air,,In2Cl2-CuI-x,HfO2,Pd,0,,1.5,363,100000
Air,,In2Cl2-CuI-x,TiO2e,Pd,0,,14.8,66,100000
Air,,In2Cl2-CuI-x,TiO2e,Pd,0,,10.0,66,100000
Air,,In2Cl2-CuI-x,TiO2e,Pd,0,,12.5,66,100000
Air,,In2Cl2-CuI-x,,Pd,0,,10.8,,100000
Air,,In2Cl2-CuI-x,MgO,Pd,0,,8.3,325,100000
Air,,In2Cl2-CuI-x,,Pd,0,,15.7,,100000
Air,,In2Cl2-CuI-x,,Pd,0,,16.4,,100000
Air,,In2Cl2-CuI-x,,Pd,0,,0.3,,100000
Air,,In2Cl2-CuI-x,,Pd,0,,19.8,,100000
Air,,In2Cl2-CuI-x,HfO2,W,0,,8.7,178,100000
Air,,In2Cl2-CuI-x,HfO2,W,0,,12.0,279,100000
Air,,In2Cl2-CuI-x,GaNe,W,0,,3.2,496,100000
Air,,In2Cl2-CuI-x,GaNe,W,0,,19.2,28,100000
Air,,In2Cl2-CuI-x,GaNe,W,0,,0.2,28,100000
Air,,In2Cl2-CuI-x,BaF2,Pd,0,,4.5,482,100000
Air,,In2Cl2-CuI-x,HfO2,Pd,0,,17.2,76,100000
Air,,In2Cl2-CuI-x,,Pd,0,,13.2,,100000
Air,,In2Cl2-CuI-x,,Pd,0,,12.2,,100000
Air,,In2Cl2-CuI-x,BaF2,Pd,0,,10.9,378,100000
Air,,In2Cl2-CuI-x,Al2O3e,Ag,0,,0.5,307,100000
Air,,In2Cl2-CuI-x,SiO2e,Ag,0,,9.1,425,100000
Air,,In2Cl2-CuI-x,,Ag,0,,9.6,,100000
Air,,In2Cl2-CuI-x,SiO2e,Ag,0,,7.0,237,100000
Air,,In2Cl2-CuI-x,SiO2e,Ag,0,,5.5,178,100000
Air,,In2Cl2-CuI-x,,Pd,0,,6.8,,100000
Air,,In2Cl2-CuI-x,,Pd,0,,7.4,,100000
Air,,In2Cl2-CuI-x,,Pd,0,,19.4,,100000
Air,,In2Cl2-CuI-x,MgO,Pd,0,,15.5,186,100000
Air,,In2Cl2-CuI-x,MgO,Pd,0,,15.2,186,100000
Air,,In2Cl2-CuI-x,Al2O3e,Graphite,0,,13.4,425,100000
Air,,In2Cl2-CuI-x,,Graphite,0,,5.7,,100000
Air,,In2Cl2-CuI-x,,Graphite,0,,7.9,,100000
Air,,In2Cl2-CuI-x,,Graphite,0,,3.7,,100000
Air,,In2Cl2-CuI-x,SiO2e,Graphite,0,,16.2,97,100000
Air,,In2Cl2-CuI-x,MgO,Al,0,,16.2,499,100000
Air,,In2Cl2-CuI-x,MgO,Al,0,,13.2,499,100000
Air,,In2Cl2-CuI-x,GaNe,Al,0,,12.5,305,100000
Air,,In2Cl2-CuI-x,MgO,Al,0,,1.4,236,100000
Air,,In2Cl2-CuI-x,MgO,Al,0,,9.9,298,100000
Air,,In2Cl2-CuI-x,,Ag,0,,5.8,,100000
Air,,In2Cl2-CuI-x,,Ag,0,,6.4,,100000
Air,,In2Cl2-CuI-x,,Ag,0,,10.1,,100000
Air,,In2Cl2-CuI-x,,Ag,0,,7.2,,100000
Air,,In2Cl2-CuI-x,HfO2,Ag,0,,14.3,84,100000
Air,,In2Cl2-CuI-x,HfO2,Au,0,,4.6,331,100000
Air,,In2Cl2-CuI-x,HfO2,Au,0,,17.9,186,100000
Air,,In2Cl2-CuI-x,HfO2,Au,0,,2.4,47,100000
Air,,In2Cl2-CuI-x,HfO2,Au,0,,2.0,47,100000
Air,,In2Cl2-CuI-x,Al2O3e,Au,0,,1.6,252,100000
Air,,In2Cl2-CuI-x,,Ag,0,,16.1,,100000
Air,,In2Cl2-CuI-x,MgO,Ag,0,,4.5,492,100000
Air,,In2Cl2-CuI-x,Al2O3e,Ag,0,,19.9,218,100000
Air,,In2Cl2-CuI-x,Al2O3e,Ag,0,,12.6,432,100000
Air,,In2Cl2-CuI-x,Al2O3e,Ag,0,,15.9,432,100000
Air,,In2Cl2-CuI-x,Al2O3e,Si,0,,17.1,420,100000
Air,,In2Cl2-CuI-x,Al2O3e,Si,0,,19.2,211,100000
Air,,In2Cl2-CuI-x,HfO2,Si,0,,13.5,444,100000
Air,,In2Cl2-CuI-x,GaNe,Si,0,,7.9,216,100000
Air,,In2Cl2-CuI-x,SiO2e,Si,0,,8.4,57,100000
Air,,In2Cl2-CuI-x,,Si,0,,19.6,,100000
Air,,In2Cl2-CuI-x,,Si,0,,13.1,,100000
Air,,In2Cl2-CuI-x,SiO2e,Si,0,,13.5,237,100000
Air,,In2Cl2-CuI-x,HfO2,Si,0,,8.2,329,100000
Air,,In2Cl2-CuI-x,MgO,Si,0,,1.2,457,100000
Air,,In2Cl2-CuI-x,SiO2e,Ge,0,,10.9,30,100000
Air,,In2Cl2-CuI-x,BaF2,Ge,0,,16.9,468,100000
Air,,In2Cl2-CuI-x,GaNe,Ge,0,,16.4,388,100000
Air,,In2Cl2-CuI-x,GaNe,Ge,0,,10.4,410,100000
Air,,In2Cl2-CuI-x,MgO,Ge,0,,17.0,192,100000
Air,,In2Cl2-CuI-x,HfO2,Ge,0,,19.9,250,100000
Air,,In2Cl2-CuI-x,TiO2e,Ge,0,,1.8,212,100000
Air,,In2Cl2-CuI-x,TiO2e,Ge,0,,13.8,212,100000
Air,,In2Cl2-CuI-x,HfO2,Ge,0,,7.8,236,100000
Air,,In2Cl2-CuI-x,BaF2,Ge,0,,4.7,139,100000
